id,hsg,blk,hsp,nonint,mhs,mcol,fhs,fcol,adjinc,urb,empl,unem80,wtest,age
7,1,0,0,1,1,0,1,0,0.4909,1,1,6.9,-0.11,21
15,1,0,0,0,1,0,1,0,1.1,1,1,6.5,0.967,21
26,1,0,0,1,0,1,0,1,1.5,1,1,3.8,1.667,22
31,1,0,1,1,0,0,0,0,0.2544,1,1,6.9,0,21
36,1,0,0,1,0,1,1,0,0.9391,0,2,5.4,0,22
42,1,0,0,0,0,1,1,0,1.05,1,1,4.2,-0.62,21
69,1,0,0,0,0,1,0,1,2,1,2,6.2,1.11,21
73,1,0,0,1,0,1,0,1,1.25,1,2,6.2,0.85,21
145,1,0,0,0,1,0,1,0,0.4899,1,1,4.2,0.437,22
146,1,0,0,0,1,0,1,0,0.4899,1,1,4.2,1.151,21
148,1,0,0,1,1,0,1,0,0.9839,1,0,4.2,0.749,22
185,1,0,0,0,1,0,1,0,1.0286,1,2,6.1,0.186,20
187,1,0,0,0,1,0,1,0,1.3416,1,0,6.1,0.17,21
191,1,0,0,0,0,1,0,1,1.3,1,0,5.8,1.09,21
194,1,0,0,0,1,0,1,0,1.4,1,2,6.1,0.504,21
198,1,0,0,0,0,1,0,1,1.5,1,1,4.5,0.803,22
207,0,0,0,1,0,0,0,0,0.5814,1,0,9,-0.771,22
233,1,0,0,0,0,0,0,1,1.2969,1,1,9.5,-0.574,21
246,1,0,0,0,1,0,1,0,0.6708,1,2,8.8,1.122,21
253,0,0,0,1,0,0,1,0,0.7,1,0,9.5,-0.692,21
261,1,0,0,0,1,0,0,0,1.35,1,1,9.5,0.988,22
279,1,0,0,0,1,0,0,1,1.25,1,0,9.5,0.265,22
295,0,0,0,1,1,0,1,0,0.8083,1,1,6.9,-0.572,21
318,1,0,0,0,1,0,1,0,2.25,1,1,11.4,-0.9,22
342,1,0,0,0,1,0,0,1,0.7603,1,2,8.4,1.548,22
355,1,0,0,1,1,0,1,0,0.8971,1,2,8.4,0.177,21
384,1,1,0,1,0,0,1,0,0.2884,1,0,8.4,-0.18,22
387,1,1,0,0,0,0,0,0,0.8126,1,2,8.4,-1.754,22
393,1,0,0,0,0,0,1,0,1.45,1,1,5.7,1.018,22
411,1,0,0,0,0,0,1,0,0.8944,0,1,6.9,-0.865,22
412,1,0,0,0,0,0,1,0,0.8944,0,1,6.9,0.506,20
434,1,0,0,0,0,0,0,0,0.75,1,2,5.4,0.419,21
448,1,0,0,1,1,0,1,0,0.5774,1,2,5.4,-1.528,21
451,1,0,0,0,1,0,1,0,1.3416,1,2,5.4,-0.742,20
479,1,0,0,0,1,0,1,0,1.2,1,1,6.9,0.61,22
486,1,0,0,0,1,0,0,1,1.0733,1,0,14.3,0.026,21
493,1,0,0,0,1,0,1,0,2.0572,1,2,9.9,0.802,21
508,1,0,0,0,0,1,0,0,1.3,1,1,6.9,-0.428,22
509,1,0,0,0,1,0,1,0,1.4311,1,1,7.4,1.276,21
523,1,1,0,0,0,0,0,0,1.1068,1,2,14.3,-0.765,22
540,0,0,0,1,0,0,0,0,0.4919,1,0,6.9,-0.577,22
554,1,0,0,1,1,0,0,1,1.1068,1,2,6.9,1.201,21
594,1,1,0,1,0,0,1,0,0.2432,1,0,6.9,0.187,21
596,1,1,0,1,0,1,1,0,0.5774,1,2,7.5,0.424,22
605,1,0,0,0,0,0,1,0,1.2374,1,1,7.5,0.283,22
606,1,0,0,0,0,0,0,1,1.2374,1,1,5,0.453,21
610,1,0,0,0,0,1,0,1,1,1,1,7.5,-0.51,21
613,1,0,0,1,0,1,1,0,0.7778,1,1,7.5,-0.284,22
616,1,0,0,0,0,0,0,0,1.1023,1,1,7.5,-1.474,22
628,1,1,0,1,0,0,0,0,0.3748,1,2,6.9,-1.608,21
637,1,0,0,0,1,0,1,0,1.35,0,2,6.3,0.175,21
667,1,0,0,0,1,0,0,0,1.5652,1,2,6.9,0.904,21
672,1,1,0,1,0,1,0,1,0.9238,1,1,5,0.409,21
675,0,1,0,0,0,0,1,0,0.8333,1,0,6.9,-1.713,22
676,1,1,0,0,0,0,1,0,0.8333,1,1,6.9,-1.364,21
686,1,0,0,0,1,0,1,0,1.3416,1,2,7.7,1.011,22
714,0,0,0,0,1,0,0,0,0.6283,1,0,13.7,-0.701,21
725,1,0,0,0,0,1,0,1,2.3094,0,1,11.9,1.667,22
741,1,0,0,1,1,0,0,0,0.2236,1,2,13.7,0.033,20
765,1,0,1,0,0,0,1,0,0.9016,1,2,9.4,0.146,21
778,1,0,0,0,1,0,0,1,1.0286,1,1,4.8,0.897,21
784,1,0,0,0,0,0,1,0,0.7603,1,0,6.8,-0.068,21
791,1,0,0,0,1,0,0,0,1.0733,1,0,6.9,0.75,21
795,1,0,0,0,1,0,0,1,2.5981,1,0,9.4,0.146,22
807,1,0,0,0,1,0,1,0,1.2247,1,2,9.4,1.094,22
817,1,0,0,0,1,0,0,1,1.7321,1,2,9.4,0.824,21
838,1,0,1,0,0,0,0,0,1.6,1,2,5.1,-1.189,21
870,1,0,0,0,0,0,1,0,0.5303,1,1,8,-1.298,22
874,1,0,0,0,0,1,0,1,1.1339,1,2,8.4,1.405,22
877,1,0,0,0,0,1,0,1,1.9,1,2,6.9,0,22
902,1,0,0,0,0,1,0,1,1.25,1,2,8,1.105,22
913,1,0,0,0,1,0,0,0,0.95,1,1,4.1,1.284,21
929,1,0,0,0,1,0,1,0,0.8944,1,2,4.1,0.615,20
938,1,0,0,0,1,0,1,0,0.8839,1,1,4.5,-0.462,22
951,1,0,0,0,1,0,1,0,0.7348,1,1,3.7,0.109,22
956,1,0,0,0,1,0,1,0,1.118,1,1,3.7,0.251,22
1003,1,0,0,0,1,0,0,1,0.866,0,1,9.4,0.477,21
1010,1,0,0,0,0,0,1,0,0.9,1,1,5.4,1.136,21
1011,1,0,0,0,1,0,1,0,1.3279,1,1,5.4,-0.149,22
1012,1,0,0,0,0,0,0,0,1.0206,1,0,5.4,-1.378,22
1013,1,0,0,0,0,0,0,0,1.0206,1,2,5.4,1.245,21
1043,1,0,0,1,1,0,0,1,0.2797,1,1,4.4,-1.65,21
1044,1,0,0,0,1,0,0,0,0.8944,1,1,4.4,-1.41,21
1046,1,0,0,0,0,1,1,0,1.5,1,1,4.4,0.578,22
1053,1,0,0,0,1,0,1,0,1.2247,1,1,5.6,0.782,22
1058,1,0,0,1,0,1,0,0,0.55,1,1,4.4,-0.232,21
1089,0,0,0,0,0,0,0,0,0.5814,1,1,5.3,-1.423,22
1134,0,0,0,0,0,1,1,0,1.0206,1,1,5,0.546,22
1153,0,1,0,0,1,0,0,0,0.8165,1,1,5,-1.419,21
1176,1,0,0,0,1,0,0,1,1.4758,1,2,6.2,0.39,21
1222,1,1,0,0,0,0,0,0,0.1812,1,2,5.6,-1.258,22
1247,1,0,0,1,0,0,0,0,0.7603,0,1,6.9,-1.079,21
1248,1,0,0,0,1,0,1,0,0.8497,0,0,7.8,-0.03,22
1257,0,0,0,0,1,0,1,0,0.9,1,2,7.5,-0.502,21
1289,1,1,0,1,1,0,1,0,0.2147,1,2,7.5,-0.64,22
1291,1,1,0,1,1,0,0,0,0.5116,1,0,5.5,-1.229,22
1294,1,1,0,0,1,0,1,0,0.8165,1,0,4.4,0.146,22
1315,1,0,0,0,0,1,0,1,2,1,1,6.2,0.412,21
1319,1,0,0,0,0,0,0,0,0.7,0,1,5.7,-1.428,22
1350,1,0,0,0,0,0,1,0,0.6708,1,1,6.9,0,22
1351,1,0,0,0,0,0,1,0,0.6708,1,2,6.7,-0.209,21
1353,1,0,0,0,1,0,1,0,1.15,1,1,6.7,0.127,21
1379,1,1,0,1,1,0,0,0,0.1938,1,2,6.7,-0.319,21
1384,1,1,0,0,1,0,0,0,0.8315,1,2,6.9,-0.87,22
1396,1,0,0,0,1,0,0,0,1.3856,1,0,6.7,-0.046,21
1417,0,0,0,0,0,0,1,0,0.6005,1,0,9.2,-0.665,21
1425,1,0,0,0,1,0,0,1,0.8944,1,1,6.9,0.861,22
1433,1,1,0,0,0,0,1,0,0.4472,1,1,3.4,-0.089,22
1447,1,0,0,0,1,0,0,0,3.182,1,2,2.7,0,21
1456,0,0,0,1,1,0,0,0,1.118,1,0,3.4,-0.3,22
1501,1,0,0,0,0,1,0,1,1.8371,1,1,10.3,1.45,22
1503,1,0,0,1,0,1,0,1,0.4619,1,2,5.1,1.218,21
1508,1,0,0,0,0,1,0,1,0.8165,1,1,5.1,1.569,21
1536,0,0,1,0,1,0,0,0,1.1628,1,0,5,-0.719,22
1556,1,0,0,0,1,0,0,1,1.495,1,1,5,0.882,22
1561,1,0,0,1,0,1,0,0,2.8284,1,0,4.8,0.346,21
1565,1,0,0,0,0,1,0,1,2,1,1,4.8,1.061,21
1580,0,0,0,0,1,0,1,0,1.6,1,0,3.6,-0.761,22
1591,1,0,0,0,0,0,0,0,0.5715,1,1,6.9,-0.251,21
1602,1,0,0,0,1,0,1,0,0.75,1,2,7.8,0.331,21
1611,1,0,0,1,1,0,1,0,1,1,1,8.5,1.005,21
1613,1,0,0,0,1,0,1,0,0.4572,1,1,10.7,0.285,21
1626,1,0,0,0,0,1,0,1,0.939,1,1,6.9,1.654,22
1627,0,0,0,0,0,1,0,1,0.939,1,2,7.8,-0.351,21
1630,1,0,0,0,1,0,1,0,0.84,1,0,8.9,0.939,21
1632,1,0,0,0,1,0,0,1,0.939,1,1,6.9,1.691,22
1635,1,0,0,0,1,0,1,0,0.7921,1,1,7.8,0.292,22
1636,1,0,0,0,1,0,1,0,0.7921,1,1,7.8,0.306,22
1651,1,0,1,0,0,0,0,0,0.9798,1,2,6,1.019,22
1659,1,0,0,0,1,0,1,0,2.2678,1,1,6,0.487,21
1667,0,0,0,1,1,0,1,0,0.3578,1,0,6,0.161,21
1669,1,0,0,0,1,0,0,1,1.2,1,1,6,1.037,22
1672,1,0,0,0,1,0,0,0,1.388,1,0,6,0.528,22
1679,1,0,0,0,0,1,1,0,1.8371,1,2,6,0.737,22
1731,1,0,0,0,1,0,1,0,0.6708,1,0,5.8,0.746,22
1767,1,0,0,0,0,1,0,1,2.4495,1,1,7.4,1.142,22
1772,0,0,0,1,1,0,0,0,0.168,0,2,6.4,-0.864,21
1780,1,0,0,0,0,1,0,1,0.9238,1,0,7.4,1.149,22
1784,1,0,0,1,1,0,0,1,0.3536,1,2,7.4,0.897,21
1788,1,0,0,0,1,0,1,0,1.0392,1,0,6.8,0.701,21
1792,1,0,0,0,1,0,1,0,1.0733,1,1,7.4,1.144,22
1802,1,0,0,0,1,0,0,1,2,1,0,7.4,0.905,21
1810,1,0,0,0,1,0,1,0,3.3541,1,1,7.4,0.241,22
1811,0,0,1,1,1,0,0,0,0.28,1,1,8.9,-0.344,22
1812,0,0,0,1,1,0,0,0,0.2425,1,0,8.9,-1.153,20
1822,0,0,1,1,0,0,0,0,0.4472,1,1,8.9,-1.442,22
1836,1,0,1,0,0,0,0,0,0.2041,1,0,8.9,0.366,21
1869,1,0,0,0,1,0,1,0,1.0206,1,1,8.3,-0.482,21
1873,1,0,0,0,0,0,0,0,1.1748,1,1,8.3,-0.963,22
1919,1,0,0,0,1,0,1,0,0.9839,0,1,5.8,0.221,22
1924,1,0,0,1,0,0,0,1,0.6532,0,1,5.6,0.056,22
1945,1,0,0,0,1,0,0,0,0.135,0,2,5.6,0,20
1952,1,0,0,0,1,0,0,1,1.0286,0,1,6.6,-0.041,21
1955,1,0,0,0,1,0,0,1,0.9815,0,2,5.6,1.192,22
1971,1,0,0,0,1,0,0,1,1.1,0,0,5.6,0.108,21
1975,1,0,0,0,1,0,1,0,1.2702,1,2,10.1,0.818,21
1977,1,0,0,0,1,0,1,0,1.2,1,1,10.1,-0.365,22
1978,1,0,0,0,1,0,1,0,1.2,1,2,10.1,-0.646,21
1992,1,0,0,1,1,0,0,0,0.483,1,0,6,-0.671,21
2005,1,0,0,0,1,0,0,1,2.2361,1,2,13.1,1.196,21
2015,0,0,0,1,0,0,0,0,0.0939,1,0,10.1,-1.597,20
2031,0,0,0,1,1,0,0,1,0.5292,1,2,9.9,-1.721,22
2032,1,0,0,1,1,0,0,1,0.5292,1,0,10.1,-0.742,20
2033,1,0,0,0,1,0,1,0,1.3,1,1,4.8,0.735,22
2041,1,0,0,0,1,0,1,0,1.2969,1,2,10.1,0.481,22
2045,1,0,0,1,0,1,0,0,0.2256,1,2,10.1,-0.125,20
2051,0,0,0,0,1,0,0,0,0.2449,0,2,7.7,-1.225,21
2060,1,0,0,1,1,0,0,1,0.35,0,1,7.7,0.13,20
2069,1,0,0,0,0,1,0,1,1.0206,0,2,7.7,1.481,21
2078,1,0,0,0,0,0,0,0,0.3578,0,2,7.7,-2.01,22
2089,1,0,0,0,1,0,1,0,0.8485,0,1,7.7,-0.593,22
2091,0,0,0,0,0,0,0,0,0.3266,0,0,7.7,-1.59,22
2110,1,0,0,0,0,1,0,1,0.7333,0,1,7.7,1.439,22
2111,1,0,0,0,1,0,0,1,0.7333,0,1,7.7,1.082,20
2135,0,0,0,1,0,0,0,0,0.9899,0,1,7.9,-0.987,22
2151,1,0,0,0,1,0,1,0,1.4,0,1,7.9,1.021,22
2172,1,0,0,0,0,1,0,0,1.2124,0,2,4.2,-0.012,22
2178,1,0,0,0,1,0,0,1,1.8475,0,1,6.9,0.711,21
2202,1,0,0,0,1,0,1,0,1.15,0,2,4.2,1.154,22
2207,1,0,0,1,0,0,1,0,0.5657,0,0,4.5,0.805,22
2209,1,1,0,1,1,0,1,0,0.4919,0,2,4.2,-0.845,22
2218,1,0,0,0,0,1,0,1,1.7889,0,1,7.2,0.496,21
2219,1,0,0,0,1,0,0,0,0.816,0,0,6.9,0.23,22
2255,0,0,0,0,0,0,0,0,0.6708,0,1,7.1,-0.982,22
2256,1,0,0,0,1,0,1,0,0.6,0,1,7.1,0.054,22
2261,0,0,0,0,0,0,0,0,0.325,0,1,7.1,-1.464,21
2266,0,1,0,0,1,0,0,0,1.3333,0,2,7.1,-1.513,20
2291,1,0,0,0,0,1,0,1,2,0,2,7.1,1.64,21
2316,0,0,0,0,0,0,0,0,0.6,1,1,5.5,-0.792,22
2327,1,0,0,0,0,0,1,0,0.8497,1,1,6.8,0.359,22
2361,0,0,0,0,1,0,0,0,0.8165,1,1,5.5,-1.543,22
2397,0,0,1,0,0,0,0,0,0.4693,1,0,16.6,-1.145,21
2439,1,0,0,0,1,0,0,1,1.2667,0,1,6.9,0.767,22
2465,1,0,0,0,0,1,1,0,1.118,0,1,9.1,1.626,22
2467,1,0,0,0,1,0,1,0,0.4914,0,2,11.5,0.489,22
2470,1,0,0,1,0,1,0,0,0.7,0,1,8.1,0.711,22
2475,1,0,0,0,0,0,1,0,1.0206,0,2,6.9,0.917,22
2476,0,0,0,0,0,0,1,0,1.0206,0,2,6.9,-1.235,21
2526,1,0,0,1,1,0,0,0,0.568,0,1,5.6,0.419,22
2527,1,0,0,1,1,0,1,0,0.7647,0,1,5.6,-1.141,21
2546,1,0,0,1,0,0,0,0,0.7778,0,2,5.6,-0.641,21
2547,1,1,0,0,1,0,0,0,0.5,0,2,5.6,-0.273,21
2557,1,0,0,0,1,0,1,0,1.118,0,1,5.6,1.49,21
2563,1,0,0,0,1,0,1,0,0.8944,0,2,6,0.963,21
2571,1,0,0,0,1,0,1,0,1.0619,0,1,6,1.244,22
2583,1,0,0,0,0,0,0,0,0.6172,0,2,6.9,0.003,22
2584,1,0,0,0,0,0,0,0,0.6172,0,2,8.7,-1.253,21
2589,1,0,0,0,0,1,0,0,0.4,0,2,5.9,1.547,21
2602,0,0,0,0,0,0,0,0,0.5367,0,2,8.7,0.633,21
2612,1,0,0,0,1,0,0,0,1.35,0,2,9.3,-0.432,21
2617,0,0,0,1,1,0,1,0,0.7217,0,2,8.7,-1.447,22
2666,0,0,0,0,0,0,0,0,0.15,1,1,11.3,-1.526,21
2682,0,0,1,0,0,0,0,0,0.0077,1,1,11.3,-1.545,21
2696,1,0,1,0,0,0,1,0,0.2268,1,2,11.3,0.076,21
2697,1,0,1,0,0,0,0,0,0.2828,1,2,11.3,0.158,21
2724,1,0,0,0,1,0,0,1,1.1,0,2,4.8,1.211,22
2732,1,0,0,0,0,0,0,0,0.6,0,2,6.9,0.152,22
2765,1,0,0,0,1,0,1,0,1.0286,0,2,9.8,0.171,22
2766,1,0,0,0,0,0,0,0,0.313,0,0,9.8,0.926,22
2767,1,0,0,0,0,0,0,0,0.313,0,2,9.8,-1.147,21
2772,1,1,0,0,1,0,0,1,0.5376,0,0,6.9,-0.867,21
2811,1,0,0,0,0,0,1,0,0.8981,0,2,9.8,-0.597,22
2815,1,0,0,0,1,0,1,0,0.6803,0,2,9.8,0.219,20
2830,1,0,0,0,0,0,1,0,0.4572,1,0,5.8,0.523,22
2832,1,0,0,1,0,1,0,0,0.825,1,2,5.8,0.138,22
2845,1,0,0,0,0,1,0,1,0.5367,1,1,7.4,1.766,22
2851,1,0,0,0,0,1,0,1,2.0125,1,0,8,1.519,21
2860,1,0,0,0,1,0,0,1,1.1339,1,2,4.9,1.048,21
2871,1,0,0,0,0,1,0,1,1.2247,1,1,5.8,0.441,21
2895,1,0,0,0,0,1,0,1,2.0412,1,2,5.7,0.357,20
2906,1,0,0,0,0,1,0,1,2.3702,1,1,4,1.396,22
2941,1,0,0,0,0,1,0,1,3.3541,1,2,7,1.481,21
2944,1,0,0,0,0,1,0,0,1,1,0,4.4,0.377,22
2950,1,0,0,0,0,1,0,1,1.3676,1,1,4.4,0.912,21
2954,1,0,0,0,1,0,0,0,0.5669,1,1,4.4,-1.75,20
2957,1,0,0,0,0,1,0,1,1.4289,1,0,12.7,1.169,22
2967,1,0,0,1,0,0,0,0,0.3511,1,2,7.3,-0.869,21
2971,0,0,1,0,0,0,0,0,0.475,1,0,7.3,-1.775,21
2973,1,0,0,0,0,0,1,0,1.45,1,1,6.1,-0.161,22
2974,0,0,0,0,1,0,1,0,0.6736,1,1,6.1,-0.612,22
2975,1,0,0,0,1,0,1,0,0.4472,1,1,6.1,1.311,22
2976,1,0,0,0,1,0,0,1,0.8655,1,0,4.3,0.573,21
2981,1,0,0,0,1,0,1,0,1.3064,1,1,4.5,0.321,22
2982,1,0,0,1,0,1,0,1,2.4495,1,1,6.9,1.343,22
2985,1,0,0,1,0,1,0,1,2.4495,1,1,6.9,1.386,21
3024,1,0,0,0,0,0,0,0,1.4,1,1,4.5,-0.549,22
3044,0,0,0,1,0,0,0,0,0.2259,1,0,6.9,0,21
3072,1,1,0,1,0,0,0,0,0.0816,1,0,11.4,-0.921,21
3082,1,0,0,0,0,0,0,0,0.4327,0,2,8.2,-0.076,20
3127,1,0,0,0,1,0,1,0,0.7757,1,1,7.8,-0.794,22
3142,1,0,0,0,0,1,0,1,1.5,1,1,4.2,1.546,21
3161,1,0,0,1,0,1,0,1,0.725,1,1,6.5,0.075,21
3171,1,0,0,0,0,1,0,1,3.3541,1,2,5.8,1.573,22
3230,0,0,0,0,0,0,1,0,1.1547,1,1,4.9,-1.179,22
3247,1,0,0,1,1,0,0,0,0.6532,1,1,5.6,0.231,22
3257,1,0,0,0,0,1,0,1,0.8944,0,2,4.9,1.539,22
3267,1,0,1,0,1,0,1,0,1.118,1,0,5.5,1.104,22
3272,0,0,0,1,0,0,0,0,0.308,1,1,6.9,-1.016,21
3330,1,0,0,0,0,0,1,0,0.9839,1,2,14.3,-0.792,20
3334,0,1,0,1,0,1,1,0,1,1,1,14.3,-0.464,22
3346,1,0,0,0,1,0,1,0,0.9391,1,0,9.9,-0.895,22
3379,1,0,0,0,1,0,1,0,1.25,1,1,13.1,1.27,22
3382,1,0,0,1,1,0,1,0,1.4434,1,1,9.9,0.918,22
3388,1,0,0,1,0,1,0,1,1.4,1,2,4.9,1.421,21
3395,1,0,0,1,1,0,0,0,0.7071,1,1,7.5,0.695,22
3404,1,0,0,0,1,0,1,0,0.7757,1,2,4.8,1.474,22
3405,1,0,0,0,1,0,1,0,0.7757,1,2,7.4,1.402,20
3431,1,0,0,0,0,1,0,1,1.6667,1,1,6.8,1.576,21
3443,1,0,0,0,0,1,1,0,0.8944,1,0,4.2,1.509,22
3453,1,0,0,1,1,0,0,0,1.375,1,2,5.8,-0.592,21
3460,1,0,0,0,1,0,1,0,0.8944,1,2,7.5,-0.682,20
3463,1,0,0,0,0,1,0,1,0.8485,1,2,7.5,0.321,21
3466,1,0,0,0,1,0,0,1,0.8165,1,2,7.5,0.934,21
3479,1,0,0,0,1,0,1,0,1.7,1,2,7.5,-0.272,21
3492,1,0,0,1,1,0,0,0,0.6868,0,0,7.2,0.438,22
3497,1,0,0,0,0,0,0,0,1.0614,0,2,7.2,1.161,20
3507,1,0,0,0,0,1,1,0,1.388,1,2,7.1,0.913,22
3517,1,0,0,0,1,0,1,0,0.8165,1,2,7.1,-0.051,21
3521,1,0,0,0,1,0,1,0,1.1263,1,1,7.1,-0.02,22
3529,1,0,0,0,1,0,0,0,1.4741,1,2,7.1,0.215,21
3561,1,0,0,1,1,0,0,0,0.8083,1,2,5.9,-1.65,21
3569,1,0,0,0,1,0,1,0,0.7666,1,2,6.3,-0.704,21
3583,1,0,0,0,1,0,0,1,1.8,1,1,4.8,1.744,22
3615,1,0,0,0,0,1,1,0,1.5011,1,1,6.3,0.991,22
3616,1,0,0,0,1,0,0,0,0.8689,1,1,6.3,1.373,22
3640,1,0,0,0,0,0,0,0,0.6205,0,2,7.2,-1.657,20
3656,1,0,0,0,1,0,0,0,0.7603,1,2,7.2,0.025,22
3660,1,0,0,0,0,0,0,0,0.257,1,2,5.6,-1.511,21
3693,0,0,0,1,0,1,0,1,1.4,1,1,4.3,-0.289,22
3695,0,1,0,1,0,1,0,0,0.8573,1,0,3.1,0.254,22
3732,1,0,0,0,1,0,0,1,1.3864,1,1,6.1,1.661,21
3742,0,0,0,0,1,0,0,0,0.8533,1,0,6.1,-0.373,21
3750,1,0,0,1,1,0,1,0,0.313,1,1,6.1,0.673,22
3751,0,0,0,1,1,0,1,0,0.313,1,0,6.1,0.171,21
3760,1,0,0,0,1,0,1,0,1.118,1,0,6.3,0.194,21
3776,0,0,0,0,1,0,0,0,1.7,1,1,11.1,1.285,21
3780,1,0,0,1,1,0,0,0,1.05,1,0,10.3,0.407,21
3805,1,0,0,0,0,1,0,1,1.7889,1,1,3.7,0.966,22
3815,1,0,0,0,1,0,0,1,2.0412,1,1,5.4,1.231,21
3827,1,1,0,1,1,0,0,0,0.3536,1,1,4.7,-1.311,22
3830,1,0,0,1,0,0,1,0,0.8573,1,0,4.7,-0.186,21
3838,0,0,0,1,1,0,1,0,0.6261,1,0,4.7,0.186,20
3852,1,0,0,0,1,0,1,0,0.5367,1,1,4.7,-0.056,21
3865,1,0,0,1,1,0,0,1,0.6293,1,1,3.2,1.415,22
3868,1,0,0,0,1,0,0,1,1.118,1,1,4.7,1.337,22
3875,1,0,0,0,0,1,0,1,1.8783,1,2,3.2,1.358,22
3884,1,0,0,0,0,1,1,0,1.0286,1,1,2,0.713,22
3886,1,0,0,0,1,0,0,1,1.1717,1,2,3.2,1.58,21
3888,1,0,0,0,0,1,0,1,1.75,1,2,4.7,0.6,21
3890,1,0,0,0,0,1,0,1,2.15,1,1,5.6,1.273,22
3898,1,0,0,0,0,1,0,1,1.7963,1,1,4.7,1.002,22
3910,1,0,0,0,0,1,0,1,1.0681,1,1,6.2,0.47,21
3933,1,1,0,0,0,0,0,0,0.7155,1,0,6.8,-1.41,22
3963,1,0,0,1,0,0,0,0,0.9,1,2,6.8,-0.2,22
3968,1,0,0,0,1,0,0,1,0.4041,1,2,6.8,1.385,22
3989,1,0,0,0,1,0,0,0,1.1547,1,0,5.9,-0.231,21
3994,1,0,0,0,1,0,0,0,0.4082,1,1,6.9,0.188,20
3999,0,0,0,0,0,0,1,0,0.4899,1,2,5.3,-0.398,21
4009,1,0,0,1,0,0,0,0,0.5879,1,1,6.9,0.561,20
4010,1,0,0,0,0,1,1,0,0.5969,1,2,7.7,1.075,21
4014,1,0,0,1,0,0,1,0,0.9839,1,2,5.3,-0.582,21
4020,1,1,0,0,0,0,0,0,0.3578,1,1,4.5,-0.597,21
4031,1,0,0,0,0,0,1,0,1.35,1,2,4.5,-1.97,20
4043,1,0,0,0,0,0,1,0,0.3761,1,0,6.9,0.243,22
4055,1,0,0,0,0,1,0,1,3.3541,1,2,4.5,1.373,20
4062,1,0,0,0,1,0,1,0,1.6738,1,1,4.5,0.863,22
4064,1,0,0,0,1,0,1,0,1.2,1,0,4.5,1.136,21
4090,1,0,0,0,1,0,0,0,0.6,0,2,7.3,-0.099,21
4114,1,0,0,0,0,0,0,0,1.1547,1,1,6,0.543,21
4138,0,0,0,1,0,0,1,0,0.5144,1,1,5,-1.581,21
4155,0,0,0,1,1,0,0,1,1.02,1,2,5,-1.359,20
4161,1,0,0,0,1,0,1,0,0.866,1,2,5,0.162,21
4181,0,1,0,1,1,0,1,0,0.0566,1,2,4.2,-0.149,22
4191,1,0,0,0,0,1,0,1,1.5652,1,2,5.3,1.454,22
4209,0,1,0,0,1,0,0,0,0.1878,1,0,7,-1.656,22
4216,1,0,0,0,1,0,1,0,1.0286,0,2,5.7,0.273,20
4233,1,0,0,0,1,0,0,1,1.2021,1,0,6.9,0.243,22
4234,1,0,0,0,0,0,0,0,0.9,1,0,3.4,-0.321,20
4242,1,0,0,0,1,0,1,0,0.805,1,2,3.4,0.024,22
4285,1,0,0,1,0,0,1,0,0.7615,1,2,6.2,0.061,21
4289,1,0,0,0,1,0,0,1,1,1,2,3.7,1.596,22
4298,1,0,0,1,1,0,1,0,0.6261,1,1,3.6,1.409,22
4299,1,0,0,1,1,0,1,0,0.6261,1,0,3.6,0.947,21
4303,1,0,0,0,1,0,0,1,0.4472,1,1,3.6,0.238,21
4309,1,0,0,0,0,1,0,1,1.5,1,1,3.6,0.674,22
4313,1,1,0,1,0,0,0,0,0.3182,1,0,3.4,-1.118,21
4314,0,1,0,0,0,0,0,0,0.3182,1,0,3.6,-1.079,20
4343,1,0,0,0,0,1,0,1,0.9,1,1,5.4,-0.082,22
4348,0,0,0,1,0,1,1,0,1.0607,1,1,5.4,0.265,21
4385,0,0,0,0,0,0,0,0,0.6708,1,1,6.6,0,21
4390,1,0,0,0,1,0,0,0,1.0286,1,1,6.6,-0.574,21
4412,1,0,1,0,1,0,0,0,0.495,1,2,6.9,-0.912,22
4427,1,0,0,0,0,1,0,0,0.4619,1,2,6,0.197,21
4429,1,0,0,1,0,0,0,1,0.5,1,1,6,1.535,22
4430,1,1,0,1,0,0,0,0,0.5367,1,1,6,0.941,22
4436,0,0,0,1,0,1,0,1,0.4919,1,2,6,-1.094,21
4448,1,0,0,1,1,0,0,0,1.3279,1,1,6,1.201,21
4466,1,0,0,1,1,0,1,0,0.5774,1,0,6.9,0.041,22
4470,1,0,0,0,1,0,0,1,1.5652,1,1,10.2,0.513,22
4471,1,0,0,1,1,0,1,0,0.87,1,2,6.9,1.214,22
4498,1,1,0,1,0,0,0,1,0.3354,1,0,7,0.499,22
4504,0,0,0,0,1,0,0,1,0.30620000000000003,1,0,7,-1.791,22
4529,1,0,0,1,0,1,0,1,1.85,1,0,4.6,0,22
4549,1,0,0,0,1,0,0,1,1.1339,1,2,8.6,0.16,21
4577,1,0,0,0,0,0,0,0,1.3,1,1,8.6,0.03,22
4583,1,0,0,0,0,0,0,1,0.5824,1,2,8.6,0.68,20
4620,0,0,0,1,0,0,0,0,0.2268,1,2,7,-1.865,21
4623,1,0,0,0,1,0,0,0,1,1,2,7,-0.967,21
4630,1,0,0,0,0,1,0,1,2,1,1,7,0.211,22
4640,1,0,0,1,1,0,0,0,0.6351,1,2,7,-0.565,21
4642,1,0,0,0,1,0,0,1,1.118,1,2,7,0.362,21
4643,0,0,0,0,1,0,0,1,0.2828,1,2,6.9,-0.499,22
4647,1,0,0,1,0,0,0,0,1.2355,1,2,11,1.46,21
4669,1,0,0,0,1,0,0,1,1.2522,1,2,6.6,-0.538,21
4687,1,0,0,0,1,0,0,1,2,1,1,7.5,1.04,22
4698,1,0,0,0,0,1,1,0,1.25,1,0,6.6,0.891,21
4702,1,0,0,0,0,0,0,1,1.3416,1,1,6.6,1.296,22
4707,1,0,0,0,1,0,0,1,1.118,1,1,3.7,0.47,20
4709,1,0,0,0,0,1,0,1,3.5,1,2,6.9,0.458,21
4712,0,1,0,0,0,0,0,0,0.6957,1,0,6.6,-1.423,22
4732,1,0,0,0,1,0,0,0,0.3831,1,1,7.6,-0.718,22
4736,0,0,0,1,0,0,1,0,0.149,1,2,7.6,-1.072,21
4740,1,0,0,0,1,0,1,0,1.3856,1,2,7.6,-0.218,21
4747,1,0,0,0,0,0,0,0,0.805,1,2,7.7,-1.051,21
4752,1,0,0,1,0,0,0,0,0.6928,1,0,7.6,0.437,22
4756,1,0,0,0,0,1,0,1,1.6,1,1,8,1.828,22
4760,1,0,0,0,0,1,0,1,1.15,1,1,8.4,1.429,21
4765,1,0,0,0,1,0,1,0,1.35,1,2,7.6,0.592,21
4770,1,0,0,0,1,0,0,0,0.9238,1,0,7.6,0.393,21
4773,0,0,0,1,0,0,0,0,0.4023,1,0,7.6,-1.25,22
4779,1,0,0,0,0,0,0,0,1.05,1,1,5.9,-1.314,21
4793,1,0,0,0,1,0,1,0,0.61240000000000006,1,1,4.8,1.295,22
4813,1,0,0,0,0,1,0,1,0.75,1,1,5.9,0.265,21
4816,1,0,0,1,0,0,0,0,0.5,1,2,5.9,1.407,21
4829,1,0,0,0,0,1,0,1,0.9827,1,1,12.9,1.264,22
4830,1,0,0,0,0,1,0,1,0.9827,1,2,5,1.396,20
4831,1,0,0,0,0,1,0,1,0.9827,1,2,6.7,1.319,20
4835,1,0,0,0,0,0,1,0,0.8165,1,0,12.9,1.079,22
4840,1,0,0,1,1,0,0,0,0.5374,1,0,12.9,1.292,22
4843,1,0,0,0,0,0,1,0,0.5,1,2,12.9,0.083,21
4850,1,0,0,0,1,0,0,0,0.5715,1,2,12.9,-1.103,20
4855,1,0,0,1,1,0,0,0,0.694,1,1,6.9,0.635,20
4862,1,0,0,1,1,0,1,0,0.7115,1,1,6.9,1.268,21
4898,1,0,0,0,1,0,0,1,0.8165,1,1,12.9,0.746,22
4908,1,0,0,0,1,0,0,1,1.033,0,0,7.4,-0.367,21
4912,1,0,0,0,1,0,1,0,0.61240000000000006,0,2,5.7,1.133,21
4913,1,0,0,0,1,0,1,0,0.61240000000000006,0,2,5.7,0.196,20
4923,0,0,0,0,0,0,0,0,0.4041,0,2,7.4,-0.907,22
4937,0,0,0,0,0,0,0,0,0.3176,0,0,7.4,-1.518,22
4942,1,0,0,0,0,0,0,0,0.2907,0,2,7.4,-0.978,21
4979,1,0,1,1,1,0,1,0,0.2885,1,2,3,0.535,20
4983,0,0,0,0,0,0,0,0,0.4157,1,0,3,-0.747,21
4985,0,0,0,0,1,0,0,0,0.8497,1,2,3,-1.331,21
4998,1,0,0,0,0,1,0,1,3.7501,1,1,3,1.073,22
5005,1,0,0,0,0,0,0,1,4.3302,1,2,3,0.414,22
5013,1,0,1,0,1,0,1,0,0.8944,1,1,3,0.461,21
5095,1,0,0,0,0,0,0,1,1.15,1,1,5.5,1.006,21
5106,1,0,0,0,1,0,0,0,0.5883,1,2,4.7,-0.609,21
5137,0,0,0,1,0,0,0,0,0.4738,0,1,6.6,0,21
5156,1,0,0,0,0,1,0,1,1.15,0,2,4.7,0.267,21
5184,1,0,0,1,1,0,1,0,0.5367,0,1,4.7,-0.393,21
5194,1,0,0,0,1,0,1,0,0.7917,0,2,4.7,0.592,21
5197,1,0,0,1,1,0,0,1,0.1782,0,1,4.7,0.665,22
5211,1,0,0,0,1,0,0,0,0.5081,0,2,4.7,-1.098,21
5222,1,0,1,0,0,0,0,0,0.492,0,1,13.4,0.179,22
5237,1,0,0,0,0,1,0,1,0.8944,0,2,5.4,0.687,22
5238,0,0,0,1,0,0,0,0,1.096,0,1,8.2,-0.92,21
5250,1,0,0,0,0,1,0,1,0.6708,0,2,8.2,1.118,21
5254,1,0,0,1,1,0,0,1,1.2,0,1,8.2,-0.042,21
5266,1,0,0,1,1,0,1,0,0.9238,0,1,16.6,0.284,21
5269,0,0,0,0,0,0,0,0,0.4619,0,1,10.7,-1.057,22
5278,1,0,0,0,0,0,0,0,0.2773,0,2,10.7,-0.588,21
5291,1,0,0,0,1,0,0,1,0.3001,1,0,10.9,-0.963,22
5312,1,0,0,1,0,0,0,0,1.1547,0,0,10.9,-0.755,20
5316,1,0,0,1,0,1,0,1,0.7181,0,2,10.7,1.223,22
5342,1,0,0,0,1,0,1,0,1.2247,0,0,6.9,0.782,22
5357,1,0,0,0,0,0,0,0,0.5367,0,0,4.1,-0.618,20
5358,1,0,0,0,1,0,1,0,0.51,0,1,6.1,0.856,22
5364,1,0,0,0,0,0,1,0,0.8165,0,1,5.1,-0.6,22
5392,1,0,0,0,1,0,0,1,0.9365,1,1,6.9,0.896,21
5395,1,0,0,0,1,0,1,0,0.6708,0,2,5.1,0.568,21
5398,1,0,0,0,0,0,0,0,0.3578,0,1,4.7,0.963,22
5407,0,0,0,0,1,0,0,0,0.5,0,1,4.6,-0.762,21
5420,1,0,0,0,1,0,1,0,0.5715,1,1,5.1,1.498,22
5423,0,0,0,0,0,0,0,0,0.2531,0,2,5.1,-1.73,21
5440,1,0,0,0,0,1,0,1,0.6425,0,1,4.4,1.36,21
5461,0,0,0,0,0,0,0,0,0.5335,0,2,9.2,-1.781,21
5463,1,0,0,0,0,0,0,0,0.3024,0,2,12.2,-0.56,22
5468,0,0,0,0,0,0,0,0,0.1191,0,1,6.1,-1.505,22
5491,1,0,0,0,1,0,1,0,1.725,0,1,12.2,0.36,22
5500,1,0,0,0,1,0,0,1,0.9,0,2,4.9,0.128,21
5512,1,0,0,0,1,0,0,0,0.75,0,1,6.9,0.506,22
5514,1,0,0,0,0,0,0,0,0.3969,0,0,6.9,0.084,21
5519,0,0,0,1,0,0,0,0,0.4419,0,1,4.9,-1.584,22
5535,0,0,0,0,0,0,0,0,0.6333,0,0,4.9,-1.608,21
5538,1,1,0,0,0,0,0,0,0.1508,0,2,4.9,-1.069,21
5539,1,1,0,0,0,0,0,0,0.1508,0,2,4.9,0.702,20
5540,1,0,0,0,1,0,1,0,1.2611,0,1,4.9,-0.192,22
5554,0,0,0,1,1,0,0,0,0.8573,0,1,4.9,-0.094,22
5556,0,0,0,0,0,0,0,0,0.4246,0,2,5,-1.291,20
5585,1,0,0,0,1,0,0,0,0.3464,0,1,7.5,-0.664,22
5607,1,1,0,0,0,0,0,0,0.6973,1,1,6,-0.434,21
5611,1,1,0,0,0,0,0,0,0.4919,1,1,6,-1.062,20
5613,1,1,0,0,1,0,1,0,0.3618,1,0,6,-1.786,22
5621,1,0,0,0,1,0,0,0,0.8944,1,1,6,0.183,20
5622,1,0,0,0,1,0,0,0,0.8944,1,2,6,-0.219,20
5625,1,0,0,0,0,0,1,0,1.0607,1,1,6.9,0.529,22
5653,1,0,0,1,1,0,1,0,0.5196,1,1,6.9,0.436,22
5671,1,0,0,0,0,1,0,0,2.25,1,0,11.6,1.065,21
5677,1,0,0,0,1,0,0,0,0.55,1,0,11.6,0.063,20
5693,1,0,0,1,1,0,0,1,0.6505,1,1,6.8,0.957,22
5694,1,0,0,1,0,0,0,0,0.8165,1,2,11.6,0.319,22
5711,1,0,0,1,1,0,1,0,0.2557,1,1,5.2,0.028,21
5726,1,0,1,0,0,0,0,0,0.4249,1,2,3.6,-0.329,22
5727,1,0,1,1,1,0,0,0,0.49,1,0,7.8,-0.694,21
5759,1,0,1,0,1,0,0,1,0.6803,1,2,8,1.432,21
5764,1,0,1,0,0,1,1,0,1.5285,1,2,3.7,1.043,22
5778,1,0,1,0,0,0,1,0,0.4899,1,2,8,-1.351,21
5785,1,0,1,0,0,0,1,0,0.8165,1,0,8,1.031,22
5786,1,0,1,0,0,0,0,1,0.8165,1,0,8,-0.365,22
5850,1,0,1,0,0,1,0,1,1.0614,1,2,8.1,1.108,22
5863,1,0,1,0,0,0,0,0,0.6364,1,2,12.4,-0.333,21
5893,1,1,0,0,1,0,0,0,1.25,1,2,6.9,-0.031,22
5894,1,1,0,1,0,0,1,0,0.3593,1,1,5.9,-0.579,22
5898,1,1,0,0,1,0,1,0,0.8,1,2,11.4,-0.478,20
5901,0,1,0,1,0,0,0,1,0.2944,1,2,11.4,-1.122,21
5903,0,0,1,1,0,0,0,0,0.1159,1,0,11.4,-1.741,21
5917,1,1,0,0,1,0,1,0,0.5814,1,0,11.4,-0.694,22
5918,0,1,0,1,0,0,1,0,0.3,1,2,11.4,-1.433,21
5928,1,1,0,1,0,1,1,0,0.5303,1,1,11.4,-0.338,22
5931,1,1,0,0,0,0,0,0,0.3801,1,0,6.9,-1.132,22
5940,1,1,0,1,0,0,0,0,0.2096,1,0,8.4,-0.041,22
5959,1,1,0,0,1,0,1,0,0.7865,1,1,8.4,-1.24,22
5960,1,1,0,1,0,0,1,0,0.2055,1,0,8.4,-1.636,22
5982,1,1,0,1,1,0,0,1,0.4,1,2,7.4,0,22
5987,1,1,0,1,1,0,1,0,0.4899,1,2,14.3,-0.056,20
6013,1,1,0,0,1,0,0,0,0.7348,1,1,6.9,-0.187,21
6014,1,1,0,0,1,0,0,0,0.7348,1,2,14.3,-1.112,20
6034,0,1,0,1,0,0,0,0,0.0787,1,0,7.2,-0.877,21
6052,1,1,0,1,0,0,1,0,0.5594,1,2,7.2,-0.934,20
6077,1,1,0,0,0,1,1,0,0.48,1,1,6.8,-1.797,20
6095,1,1,0,0,0,0,0,0,0.1732,1,2,6.8,-1.139,21
6137,0,1,0,0,1,0,0,0,0.5276,1,0,6.8,-1.085,22
6140,1,1,0,1,1,0,1,0,0.7603,1,2,6.8,-0.946,21
6173,1,1,0,1,1,0,0,1,0.6425,1,2,6.9,0.006,22
6207,1,1,0,1,0,0,0,0,0.2694,1,2,6.7,-0.885,21
6218,1,1,0,1,0,0,1,0,0.1633,1,0,6.7,-0.465,22
6247,1,1,0,0,1,0,0,0,0.4,1,2,7,-0.945,21
6271,1,1,0,1,0,0,0,0,0.3175,0,2,9.8,-1.302,21
6323,1,1,0,1,0,1,0,1,0.3002,0,2,9.8,-0.148,21
6340,1,1,0,1,0,0,1,0,0.1939,0,2,10.2,-1.068,22
6341,1,1,0,1,0,0,1,0,0.2574,0,1,10.2,-1.802,20
6359,0,1,0,1,0,0,0,0,0.2449,0,2,6.9,-1.237,21
6398,0,1,0,1,1,0,1,0,0.3266,0,2,5.8,-1.426,20
6402,1,1,0,0,1,0,1,0,0.2236,0,2,10.9,0.651,21
6411,1,1,0,1,0,0,0,0,0.0265,0,2,6.5,1.227,22
6454,1,1,0,1,0,0,1,0,0.2453,1,1,7.6,-1.199,21
6484,1,0,0,0,0,0,0,0,0.3005,1,1,7.6,-0.931,21
6514,1,1,0,0,0,0,0,0,0.2297,0,1,4.7,-0.978,22
6576,1,1,0,0,0,0,0,0,0.3708,0,2,6.9,-0.102,22
6593,1,1,0,1,0,0,0,0,0.2539,0,1,8.6,-0.796,21
6677,1,1,0,1,0,0,0,0,0.2035,1,2,6.9,-1.13,22
6698,1,1,0,1,0,0,0,0,0.2683,1,0,6.2,0.127,21
6729,0,1,0,1,1,0,1,0,0.2498,1,0,9,-0.114,21
6760,1,1,0,1,0,0,1,0,0.2957,1,2,9,-1.308,21
6778,1,0,0,1,0,0,0,1,0.3249,1,0,7.3,-1.28,22
6784,1,0,1,0,1,0,0,1,0.7603,1,1,9.2,-0.189,21
6791,1,0,1,1,0,0,0,0,0.3264,1,0,9.2,-1.182,21
6792,1,0,1,1,0,0,0,0,0.192,1,0,6.9,-0.953,21
6794,1,0,0,1,1,0,0,0,0.2375,1,0,9.2,0,22
6805,1,0,0,0,1,0,1,0,0.7155,1,2,9.2,-0.045,21
6808,1,0,1,1,0,0,0,0,0.1282,1,2,6.9,0.947,21
6811,1,0,1,0,0,0,0,0,0.2458,1,0,9.2,0.764,22
6838,1,1,0,1,1,0,1,0,1.0041,1,0,6.3,0.039,22
6844,1,1,0,0,1,0,1,0,1.8475,1,2,6.2,0.822,22
6850,1,1,0,1,1,0,1,0,0.2114,1,1,7.3,1.055,22
6868,0,1,0,1,1,0,1,0,1.45,1,0,5.8,-0.7,21
6897,1,1,0,1,0,0,1,0,0.3,1,0,4.3,-0.507,21
6902,1,1,0,1,0,0,0,0,0.85,1,0,4.3,-0.631,22
6911,1,0,0,0,0,0,0,0,0.5411,1,0,4.3,-0.663,20
6914,1,1,0,1,0,1,0,1,0.9394,1,0,5.6,-1.154,21
6938,1,0,1,0,1,0,0,0,0.5774,1,2,3.7,0.037,20
6947,1,1,0,0,1,0,0,0,0.8165,1,0,3.7,-1.253,21
6969,1,1,0,1,0,0,1,0,0.1564,0,0,5.7,-0.438,22
6998,1,1,0,0,0,0,1,0,0.7634,1,1,5.1,0.048,22
7004,1,1,0,1,0,0,0,0,0.3704,1,2,5.1,-0.612,20
7010,1,1,0,0,1,0,0,0,0.8693,1,0,8,-0.338,22
7083,1,1,0,0,0,0,1,0,0.7757,1,0,5.6,-1.769,20
7104,1,1,0,0,0,1,0,1,0.2,1,2,9.1,-0.173,20
7119,1,1,0,0,0,1,0,1,2.5,1,1,9.1,1.562,21
7142,0,1,0,1,0,0,0,0,0.8083,1,2,9.5,-1.12,21
7145,1,0,0,1,0,0,1,0,0.7559,1,0,7.1,0.422,21
7185,1,1,0,0,1,0,1,0,0.8165,1,2,6.8,1.167,22
7188,0,1,0,1,1,0,1,0,0.6532,1,2,7.1,-1.114,21
7191,1,1,0,1,0,0,1,0,0.35,1,2,7.1,-0.919,22
7227,0,1,0,1,0,1,0,0,0.313,1,1,7.5,-0.125,22
7251,1,1,0,0,1,0,1,0,0.2858,1,2,6.9,0.092,22
7254,0,1,0,1,0,0,0,0,0.4082,1,0,7.5,-1.556,22
7261,1,1,0,0,0,0,1,0,0.3536,1,0,7.5,-1.194,22
7262,1,1,0,0,0,0,1,0,0.3536,1,0,7.5,-1.029,21
7265,1,1,0,1,0,0,0,0,0.4025,1,0,6.9,-0.265,22
7266,1,1,0,1,0,1,0,0,0.297,1,1,6.9,-0.637,22
7268,1,1,0,0,1,0,0,0,0.2041,1,0,7.5,-0.992,22
7277,0,1,0,1,0,0,1,0,0.6803,1,1,11.1,-0.57,22
7318,1,1,0,0,1,0,0,1,0.75,1,0,6,0.268,20
7320,1,1,0,0,0,0,0,0,0.75,1,1,6,-1.414,22
7326,0,1,0,1,1,0,0,0,0.4061,1,0,6,-1.595,22
7370,1,1,0,0,0,0,0,0,0.3421,1,1,4.2,1.524,21
7372,1,1,0,1,0,1,0,1,0.8,1,1,4.5,-0.179,21
7381,1,1,0,0,0,0,1,0,0.347,1,2,4.5,-1.195,21
7401,1,1,0,0,1,0,1,0,0.8944,1,1,4.2,0.304,21
7456,0,1,0,0,0,0,0,0,0.2939,1,1,5.9,-1.896,22
7484,1,1,0,0,1,0,1,0,0.5814,1,2,5.9,-0.372,21
7495,1,1,0,0,0,0,0,0,0.5715,1,2,5.3,-0.273,21
7534,0,0,0,1,0,0,0,0,0.45,1,0,5.2,-1.309,21
7547,1,1,0,1,0,0,0,0,0.5774,1,1,5.2,-1.704,22
7555,1,0,0,0,0,0,1,0,1.05,1,1,5.2,1.096,21
7561,1,0,0,0,0,1,0,1,2.6386,1,2,5,1.537,22
7570,1,0,0,0,0,0,0,0,0.3503,1,2,5,-0.276,22
7576,1,0,0,0,0,0,0,0,0.85,1,1,5,0.549,20
7590,1,0,0,1,0,1,0,0,0.4,1,2,5,0.725,22
7594,1,0,1,1,0,0,0,0,0.35,1,0,5,0,22
7627,1,1,0,0,0,1,0,1,1.2522,1,2,5.7,-1.501,21
7643,1,1,0,1,1,0,1,0,0.0751,1,2,5.7,-1.816,21
7661,1,1,0,0,0,0,0,0,0.5485,1,1,6.3,-0.139,21
7664,1,1,0,0,1,0,1,0,0.75,1,0,6.3,-0.425,21
7668,1,1,0,0,0,1,1,0,0.9,1,2,6.3,-0.802,21
7674,1,1,0,0,1,0,0,1,0.8944,1,2,6.3,-0.925,21
7675,1,1,0,1,1,0,1,0,0.9526,1,0,8.3,-0.975,21
7690,1,1,0,0,0,1,0,0,0.8497,1,1,5.1,-0.145,21
7698,1,1,0,0,1,0,0,0,0.5389,1,2,6.3,-0.172,21
7711,1,1,0,0,0,0,0,0,0.5667,1,0,6.9,-1.01,21
7714,0,1,0,0,0,1,0,0,0.1768,1,0,6.3,-0.868,22
7720,1,0,0,0,0,1,0,1,1.5,1,1,3.5,1.226,21
7790,1,0,1,0,0,0,0,0,0.9839,1,1,3,-1.333,22
7800,1,1,0,0,0,0,0,0,1.2,1,2,3,-0.299,20
7803,0,1,0,0,0,0,0,0,0.3674,1,1,3,-1.781,22
7808,1,1,0,0,0,0,0,0,0.6762,1,2,3,-0.887,21
7812,1,1,0,0,0,0,0,0,0.3436,1,0,3,-1.439,20
7839,0,1,0,1,0,0,0,0,0.25,1,0,3.4,-1.989,22
7857,1,1,0,1,1,0,1,0,0.7,1,1,3.4,-0.29,21
7860,1,1,0,0,0,0,1,0,0.7071,1,0,3.4,-1.321,21
7866,0,0,1,0,0,0,0,0,0.9815,1,2,3.4,-1.39,21
7932,1,0,1,0,0,0,0,0,0.5,1,1,10.2,-1.475,21
7939,1,1,0,1,0,0,0,0,0.3408,1,1,10.2,0.072,21
7948,0,0,1,1,0,0,0,0,0.1556,1,2,10.2,-1.118,21
7964,1,0,1,0,0,0,0,0,0.5168,1,1,8.9,0.458,21
7966,1,0,1,0,1,0,1,0,1.3416,1,1,8.9,-0.383,21
7986,0,0,1,0,0,0,0,0,0.1512,1,1,8.9,-0.627,22
8038,1,1,0,0,1,0,0,1,0.1225,1,0,6.8,1.109,21
8069,1,0,1,0,1,0,0,0,0.45,1,2,7,-0.23,22
8077,1,1,0,0,0,1,0,1,1.35,1,0,4.1,-0.398,21
8108,1,0,1,0,0,0,1,0,1.3856,1,1,4.1,-0.847,22
8115,0,0,1,0,0,0,0,0,0.24,1,2,4.1,-1.438,21
8116,0,0,1,0,1,0,0,0,0.6,1,1,4.1,-1.498,21
8136,1,0,0,0,1,0,0,1,0.6708,1,2,6,0.458,22
8138,1,0,1,0,0,0,0,0,0.867,1,0,6,0.151,21
8163,1,0,1,0,0,0,0,0,0.15,1,2,6,0.824,21
8165,0,0,1,0,0,0,0,0,0.7348,1,1,6,0.177,21
8219,1,0,0,0,1,0,0,1,1.4087,1,1,6,0.351,21
8228,1,0,1,0,0,1,1,0,1.0206,1,1,6,1.064,22
8229,0,0,0,0,0,1,0,1,1.0206,1,0,6,-0.257,21
8239,1,1,0,0,1,0,0,1,0.4919,1,0,6,0.184,22
8244,1,1,0,0,1,0,1,0,0.5657,1,1,6,-0.802,22
8255,0,1,0,1,0,1,1,0,0.2656,1,1,6,-1.582,22
8256,1,1,0,1,1,0,1,0,0.253,1,1,6,-0.979,21
8307,0,0,1,0,0,0,0,0,0.284,1,0,6,0,22
8320,1,0,1,0,0,0,0,0,0.9942,1,2,6.9,0.118,22
8331,0,0,1,0,0,0,0,0,0.1206,1,1,12.4,-1.417,22
8378,0,0,1,0,0,0,0,0,0.5456,1,0,8,-0.887,20
8380,1,0,1,0,0,0,0,0,0.4743,1,0,8,-0.785,21
8421,1,0,0,0,0,1,0,0,0.378,1,2,6,-0.315,22
8433,1,1,0,0,1,0,1,0,0.3674,1,2,6.8,-1.294,22
8469,1,0,0,0,0,1,0,1,0.8497,0,1,6,0.295,21
8481,1,1,0,1,0,0,0,0,0.2828,1,2,9.1,-1.295,21
8499,1,1,0,0,0,0,1,0,0.5669,1,1,6.9,-0.843,22
8504,1,1,0,0,0,0,0,0,0.1809,1,2,9.1,-1.497,22
8536,1,1,0,0,1,0,1,0,0.1225,0,0,4.3,-0.299,22
8582,0,1,0,0,0,0,0,0,0.4009,0,0,5.4,-0.968,21
8588,1,1,0,0,1,0,0,1,0.5292,0,1,6.9,0.037,22
8604,1,1,0,1,0,0,1,0,0.5367,0,2,4.2,-0.617,21
8617,1,1,0,0,1,0,1,0,0.3402,1,0,6.9,-1.025,21
8625,1,1,0,0,1,0,1,0,2,1,1,7,0.01,22
8630,1,1,0,0,0,0,0,0,0.4158,1,2,8.6,-1.456,21
8632,1,1,0,0,1,0,0,0,0.4919,1,2,6.9,-0.453,22
8661,0,1,0,1,0,0,0,0,0.2449,1,0,8.6,-0.723,22
8727,1,0,1,0,0,0,0,0,0.4243,1,2,6.1,-0.993,22
8741,1,0,0,0,0,1,0,1,0.5926,1,2,2.9,-0.108,21
8814,0,0,1,0,0,0,0,0,0.1897,1,2,7.4,-1.48,21
8876,1,0,1,0,0,0,0,1,0.3162,1,2,8,-0.466,20
8877,1,0,1,0,0,0,0,1,0.3162,1,0,8,-0.713,22
8879,1,0,1,0,0,0,1,0,0.2531,1,2,8,-0.38,21
8914,1,0,1,0,0,0,1,0,0.208,1,2,6.9,0.893,21
8924,0,0,0,1,0,0,0,0,0.0776,1,2,6.7,-1.005,21
8941,1,0,1,1,0,1,1,0,1.25,1,1,8.1,1.328,21
8947,1,0,0,0,0,0,0,0,0.2245,1,2,8.1,-0.109,22
8973,0,0,1,1,0,0,0,0,0.2244,1,0,8.4,-0.766,21
8975,1,1,0,1,1,0,0,1,1.2522,1,2,14.3,-1.016,21
9016,1,1,0,1,1,0,0,1,1.5061,1,2,6.9,-0.077,22
9051,1,1,0,0,0,0,0,0,0.3144,0,2,9.8,-1.815,21
9056,1,1,0,1,0,0,0,0,0.1821,0,2,9.8,0.541,22
9059,1,1,0,1,0,0,0,0,0.119,0,2,9.8,0.712,20
9061,1,1,0,0,0,0,0,0,0.1308,0,2,6.9,-1.188,20
9076,0,0,1,0,0,0,0,0,0.3098,0,0,5.8,-1.436,20
9112,1,1,0,0,0,0,0,0,0.5216,0,2,4.7,-0.645,21
9114,1,1,0,0,0,0,0,0,0.1399,0,2,4.7,0.147,21
9181,1,1,0,0,0,0,0,0,0.2167,0,2,8.6,-1.73,22
9186,0,1,0,1,0,0,0,0,0.1704,0,0,8.6,-1.537,22
9216,0,0,0,1,0,0,0,0,0.1682,1,2,6.5,-0.049,21
9237,1,1,0,0,0,1,0,1,0.5307,1,2,3.4,0.547,22
9253,0,0,1,0,0,0,0,0,0.5814,1,1,4.9,-0.716,22
9283,0,0,1,0,0,0,0,0,0.225,1,0,4.2,-1.843,22
9295,1,1,0,1,1,0,0,0,0.85,1,1,6.2,-0.172,22
9307,1,1,0,0,0,1,0,0,0.4667,1,2,6.2,-1.605,22
9309,1,1,0,0,1,0,1,0,0.1484,1,2,6.2,-1.163,22
9329,1,1,0,0,1,0,1,0,0.4025,1,2,9,-1.811,20
9358,1,0,1,0,0,1,0,0,0.5367,1,2,9.2,-1.375,22
9376,1,0,1,1,0,0,0,0,0.313,1,2,9.2,-0.886,21
9387,1,0,0,1,0,0,0,0,0.2449,1,2,6.3,-0.685,22
9389,1,0,0,0,0,0,0,0,0.85,1,2,6.3,1.586,21
9425,1,0,0,0,1,0,0,0,0.8165,1,0,5.5,0.043,21
9437,1,1,0,0,0,0,0,0,0.3667,1,1,5.7,-0.994,21
9443,1,1,0,1,0,0,0,0,0.2776,1,0,5.7,-0.166,21
9538,0,0,1,1,1,0,1,0,0.2475,1,0,7.5,-1.805,22
9548,0,0,1,0,0,0,0,1,0.7201,1,0,7.5,-0.791,20
9569,1,1,0,0,0,0,0,0,0.5715,1,1,11.1,-1.014,21
9606,1,1,0,1,1,0,1,0,0.1633,1,0,5.9,-0.246,22
9636,1,1,0,0,0,0,0,1,1.225,1,1,6.9,0.854,21
9646,1,0,0,0,1,0,0,0,1.2701,1,0,5.2,0.316,22
9685,1,1,0,0,0,0,0,1,0.6718,1,2,6.3,-1.593,21
9688,0,1,0,0,1,0,1,0,0.6928,1,2,6.3,-0.992,22
9761,1,1,0,1,0,1,0,0,0.4491,1,2,3,0.406,22
9762,1,0,1,0,0,0,0,0,0.7155,1,1,3.4,-1.078,21
9771,1,0,1,0,0,0,0,0,0.8315,1,1,3.4,-0.214,22
9773,1,0,1,0,0,0,0,0,0.4899,1,2,3.4,-0.936,21
9775,1,0,1,0,0,0,0,0,1.05,1,1,3.4,-1.046,22
9814,0,0,1,1,0,0,0,0,0.5303,1,2,10.2,-1.174,20
9821,0,0,1,0,1,0,0,1,0.5339,1,0,10.2,-0.288,22
9827,0,1,0,1,1,0,1,0,0.3584,1,0,10.2,-1.535,21
9836,1,0,1,1,0,0,0,0,0.3542,1,0,8.9,-1.047,22
9848,1,0,1,0,0,1,0,1,1.3,1,2,4.5,-0.134,21
9873,1,1,0,0,1,0,0,0,0.866,1,2,4.6,0.452,21
9875,0,0,1,0,0,0,0,0,1.25,1,1,6.8,-1.365,22
9879,1,1,0,1,1,0,0,1,0.7348,1,0,5.4,-0.019,22
9880,1,1,0,0,0,1,0,1,0.7348,1,2,7,-0.679,20
9886,0,0,1,0,1,0,1,0,0.4067,1,1,7,-1.283,21
9914,0,0,1,0,0,0,0,0,0.4899,1,2,4.1,-0.677,21
9919,1,0,1,0,0,0,0,0,0.4899,1,2,6.1,-1.805,22
9952,1,1,0,0,0,1,0,1,0.7559,1,0,6,-1.246,21
9957,0,0,1,0,0,0,0,0,0.5657,1,2,6,-1.632,20
9962,0,0,1,0,0,0,0,0,0.65,1,1,6,-0.119,21
9977,0,0,1,0,0,0,0,0,0.147,1,0,6,-1.805,21
9983,1,0,1,0,1,0,0,0,0.8944,1,2,6,-0.087,21
9990,0,0,1,1,0,0,1,0,0.3,1,0,10.8,-0.743,21
10001,1,0,1,1,1,0,1,0,0.7506,1,2,9.2,0.452,20
10003,1,0,1,1,0,1,0,1,0.1968,1,0,9.2,-0.656,22
10025,0,0,1,1,0,0,0,0,0.2791,1,1,9.2,-1.796,22
10051,1,0,1,0,0,0,0,0,0.8333,0,2,10.2,-1.072,20
10075,0,0,1,0,0,0,0,0,0.4914,1,0,8,-1.626,22
10078,1,0,1,0,0,0,0,0,0.2899,1,0,8,-0.48,21
10085,1,1,0,0,1,0,0,0,0.3253,1,1,3.5,-1.298,22
10128,1,1,0,0,0,0,0,0,0.4082,0,2,4.3,-1.347,22
10133,1,1,0,0,1,0,0,1,0.298,1,2,3.9,-1.432,21
10154,1,1,0,1,0,0,0,0,0.45,0,2,6.9,-1.002,22
10197,1,1,0,0,0,0,0,0,0.2828,1,2,8.6,-1.489,21
10307,1,0,1,1,0,0,0,0,0.3811,1,2,8.1,-0.369,20
10327,0,1,0,1,0,0,0,0,0.1508,0,2,6.9,-1.334,20
10330,0,1,0,1,0,0,0,0,0.1768,0,0,6.9,-1.767,20
10337,1,1,0,0,0,0,0,0,0.3402,0,2,5.8,-1.206,21
10363,1,1,0,0,0,1,0,1,1.5652,1,2,6.5,0.501,22
10382,1,0,1,0,1,0,1,0,1.75,1,0,6.3,0.892,21
10385,1,0,0,1,0,0,1,0,0.4,1,0,6.9,-0.057,21
10430,1,0,1,0,0,0,0,0,0.2255,1,0,7.5,-1.786,22
10431,1,0,1,0,0,0,0,0,0.2255,1,2,7.5,-1.623,21
10439,1,1,0,1,0,0,0,1,0.6667,1,2,8.3,-0.711,21
10479,1,0,0,0,0,0,0,0,0.4919,1,1,7,-1.201,21
10488,1,1,0,1,0,0,0,0,0.3402,1,1,6.9,-0.37,21
10492,1,0,1,1,0,0,1,0,0.2187,1,0,10.2,-0.204,22
10527,0,0,1,0,0,0,0,0,0.189,0,0,10.2,-0.983,21
10541,0,0,1,1,0,0,0,0,0.2606,0,1,6.9,0.329,22
11791,1,0,0,0,1,0,0,0,0.9,1,2,4.8,0.607,21
11796,1,1,0,1,0,1,0,1,0.2713,1,2,14.3,1.346,21
11799,1,1,0,1,0,1,1,0,0.4472,1,2,14.3,-0.612,21
11801,0,1,0,1,1,0,1,0,0.65,1,2,7.5,-1.145,21
11806,1,0,0,0,1,0,1,0,0.855,0,2,6.3,-0.172,21
11809,1,0,0,0,1,0,1,0,1,1,1,6.9,0.919,22
11833,1,0,0,1,0,1,0,0,0.8497,1,0,10.8,-1.259,20
11841,1,1,0,1,0,1,0,0,0.35,1,1,10.8,-0.162,22
11849,1,1,0,0,1,0,1,0,0.378,1,0,5.6,-1.116,22
11864,1,0,1,0,0,0,0,0,0.6532,1,0,5,-0.929,21
11875,1,0,0,0,1,0,1,0,0.805,1,0,7.8,0.642,22
11880,1,0,0,0,1,0,0,1,0.6708,1,1,6.9,-0.161,21
11897,1,0,0,1,0,0,0,1,0.8,1,1,8.3,1.405,22
11920,1,0,0,0,0,1,0,1,1.3002,0,1,5.6,0.917,22
11942,1,0,0,0,0,0,0,0,0.4041,0,2,8.7,0.127,21
11945,1,0,1,0,0,0,0,0,0.0302,1,2,11.3,-1.174,20
11956,1,0,0,0,0,1,0,1,1.4289,1,2,5.8,0.348,22
11976,1,0,1,1,0,0,0,1,0.2009,1,1,9.2,-1.101,21
12009,0,0,0,0,0,1,1,0,1.0607,1,2,6.3,0.277,22
12010,1,0,1,1,1,0,1,0,0.9815,1,1,7.5,1.109,22
12014,1,0,0,0,1,0,0,1,1,1,2,4.6,0.794,21
12019,1,0,0,0,1,0,0,1,1.3461,1,2,5.9,0.695,22
12023,1,0,0,1,0,0,0,1,1.05,1,0,11.1,0.958,21
12040,1,0,0,0,0,0,1,0,0.25,0,0,6.3,-0.472,21
12043,0,0,0,1,0,0,0,0,0.2858,1,1,7.8,-1.68,22
12068,1,0,0,1,0,1,0,1,0.75,1,1,7,1.142,22
12074,1,0,0,0,1,0,1,0,1,1,0,6.6,0.356,21
12089,1,0,0,0,0,1,0,1,0.85,1,2,12.9,0.516,21
12090,1,0,0,0,1,0,0,0,0.3879,1,0,12.9,0.27,21
12093,1,0,0,0,1,0,1,0,1.3238,1,1,3,0.244,21
12110,1,0,0,0,1,0,1,0,0.6899,0,2,10.7,0.115,20
12131,1,1,0,0,0,0,1,0,0.7348,1,2,6,-0.341,20
12139,0,0,0,0,0,0,0,0,0.5307,1,1,6,-0.568,21
12143,0,0,0,1,0,1,0,0,0.1541,1,1,8.4,-0.985,21
12144,0,0,0,1,0,1,0,0,0.1541,1,1,8.4,-0.907,20
12158,1,1,0,0,0,0,1,0,0.3843,0,1,6.9,-1.727,21
12184,1,1,0,0,0,0,0,0,0.7603,1,2,6.3,-1.358,21
12197,1,1,0,1,1,0,1,0,1.0451,1,0,5.1,0.088,21
12199,1,1,0,1,1,0,0,0,0.0495,1,0,6.9,-0.625,22
12218,1,0,1,0,0,0,0,0,0.6,1,2,6,-1.203,22
12260,1,0,0,0,1,0,1,0,0.3578,1,2,3.7,1.501,22
12283,1,0,1,1,0,0,0,0,0.4025,1,1,6.9,-0.299,22
