"ID","gender","sped","frlunch","esol","black","white","hispanic","asian","age","pretest","posttest"
23451018,0,0,0,0,1,0,0,0,11.953457,233,233
23450504,1,0,0,0,0,0,0,0,12.43258,236,249
23452285,0,1,1,0,0,0,1,0,12.714579,204,205
23451617,1,0,1,0,1,0,0,0,12.684463,222,213
23452650,0,0,0,0,1,0,0,0,12.271047,201,209
23450282,0,0,1,0,0,0,1,0,12.714579,207,222
23452090,0,0,0,0,0,1,0,0,12.024641,216,214
23450673,1,0,0,0,0,0,1,0,12.208077,214,224
23451871,1,0,1,0,1,0,0,0,11.915127,229,221
23450174,0,0,0,0,0,1,0,0,12.709103,231,235
23451038,0,0,1,0,0,1,0,0,12.76386,193,223
23451809,0,0,1,1,0,0,1,0,12.405202,235,248
23451589,0,0,1,0,0,0,1,0,13.442847,211,222
23452556,1,1,0,0,0,1,0,0,12.005476,215,202
23452398,0,0,0,0,0,0,1,0,12.750171,198,218
23451075,1,0,0,0,0,1,0,0,12.29295,206,226
23452685,0,0,1,0,1,0,0,0,12.783025,199,231
23452714,0,0,1,0,1,0,0,0,12.438056,206,217
23452437,0,0,1,0,0,1,0,0,13.574264,193,219
23451577,0,0,1,1,0,0,1,0,12.164271,215,217
23452709,0,0,0,0,1,0,0,0,12.588638,211,218
23450026,1,0,0,0,0,1,0,0,12.974675,228,234
23450492,0,0,0,0,0,1,0,0,12.279261,213,225
23452099,1,0,1,0,1,0,0,0,13.462012,204,220
23450510,1,0,0,0,0,1,0,0,12.583162,221,237
23452131,NA,0,0,0,NA,NA,NA,NA,NA,243,223
23450005,0,0,0,0,0,0,0,1,12.021903,238,247
23451750,1,0,1,0,0,0,1,0,14.302533,213,217
23452446,1,0,1,1,0,0,0,1,12.366872,214,231
23452499,1,0,0,0,0,1,0,0,12.599589,226,231
23452067,0,0,0,0,0,1,0,0,12.607803,230,236
23450402,0,0,0,0,0,1,0,0,11.945243,229,229
23450524,0,0,0,0,0,1,0,0,12.112252,222,222
23451478,1,0,1,1,0,0,1,0,14.173854,197,212
23451943,1,0,0,0,0,1,0,0,12.301164,251,249
23452068,0,0,1,0,0,1,0,0,13.407255,204,202
23451859,0,0,1,0,0,0,1,0,12.468172,214,236
23452494,0,0,1,0,0,1,0,0,12.136893,201,204
23452526,0,0,0,0,0,1,0,0,12.186174,226,231
23450604,0,0,1,0,0,0,1,0,12.279261,217,217
23450505,0,0,1,0,0,1,0,0,12.454483,213,223
23450447,0,0,1,0,0,1,0,0,12.640657,228,221
23451387,1,0,1,1,0,0,1,0,12.821355,207,216
23450995,0,0,0,0,1,0,0,0,12.418891,223,221
23450304,0,0,1,1,0,0,1,0,12.435318,203,211
23452125,0,0,1,0,0,1,0,0,12.572211,230,234
23451514,1,1,1,1,1,0,0,0,13.445585,217,216
23451421,0,0,0,0,1,0,0,0,12.832307,216,212
23451327,0,NA,1,0,0,0,1,0,12.654346,209,223
23452452,0,0,1,0,0,0,1,0,12.364134,226,226
23450612,1,0,1,1,0,0,1,0,12.262834,227,226
23452129,NA,0,0,0,NA,NA,NA,NA,NA,251,241
23451569,0,0,1,0,0,0,1,0,12.695414,216,230
23450427,1,0,0,0,0,1,0,0,13.084189,205,216
23451395,1,NA,1,1,0,0,1,0,12.87885,221,226
23452738,1,0,1,0,1,0,0,0,12.76386,226,229
23450790,1,0,1,0,0,1,0,0,12.563997,207,237
23451787,0,0,1,0,0,0,1,0,12.999316,220,216
23450854,1,0,1,0,0,0,0,1,12.50924,225,231
23452210,NA,0,0,0,NA,NA,NA,NA,NA,218,212
23450110,0,0,0,0,0,1,0,0,12.199863,226,214
23450896,NA,NA,NA,NA,NA,NA,NA,NA,NA,220,206
23451980,NA,0,0,0,NA,NA,NA,NA,NA,216,221
23450902,0,0,0,0,0,0,1,0,12.024641,219,226
23451908,0,0,1,0,0,0,1,0,13.508556,214,200
23450954,0,0,0,0,0,1,0,0,12.613279,201,223
23451222,0,0,1,0,1,0,0,0,12.002738,208,209
23452403,0,0,1,0,0,0,1,0,12.424367,204,214
23451729,0,0,1,0,1,0,0,0,13.423682,215,217
23451130,1,0,0,0,1,0,0,0,13.527721,224,225
23450533,0,0,0,0,0,1,0,0,12.908966,203,225
23450095,0,0,0,0,0,1,0,0,12.479124,230,231
23452338,0,0,1,0,0,0,1,0,12.731006,220,219
23450384,1,0,1,1,0,0,1,0,12.637919,200,218
23452497,1,0,0,0,1,0,0,0,12.224504,208,213
23450599,1,0,1,1,0,0,1,0,12.19165,216,219
23450813,0,0,1,0,1,0,0,0,12.654346,191,208
23450816,0,0,1,0,0,1,0,0,13.727584,208,212
23452300,1,0,1,0,0,0,1,0,12.542094,222,231
23451433,1,NA,0,NA,0,1,0,0,11.843943,238,231
23451784,1,0,0,1,0,0,1,0,12.544832,211,232
23450598,1,0,0,0,1,0,0,0,14.190281,214,235
23450380,0,1,0,0,0,1,0,0,13.798768,193,195
23450589,1,0,1,0,1,0,0,0,11.479808,226,237
23451735,1,0,0,0,0,0,1,0,12.440794,210,230
23450477,1,0,0,0,1,0,0,0,12.985626,225,229
23451070,1,0,1,0,0,1,0,0,12.391513,233,231
23450708,0,1,1,0,1,0,0,0,13.724846,195,197
23450193,1,1,0,0,0,1,0,0,12.33128,201,226
23452751,0,0,1,0,0,1,0,0,13.10883,200,220
23451109,0,0,0,0,0,0,1,0,12.249144,207,227
23450783,0,0,1,0,1,0,0,0,11.942505,207,224
23450425,1,0,1,0,0,0,1,0,13.900068,219,214
23450146,1,0,1,0,1,0,0,0,NA,202,197
23452297,0,0,0,0,1,0,0,0,12.041068,232,224
23451516,0,0,1,1,0,0,1,0,12.002738,214,234
23450840,0,0,1,0,1,0,0,0,12.5859,193,219
23450704,1,0,1,0,1,0,0,0,13.289528,215,185
23450681,0,0,0,0,0,1,0,0,12.958248,227,240
23451324,1,0,1,1,0,0,1,0,12.963723,210,231
23450767,NA,NA,NA,NA,NA,NA,NA,NA,NA,228,218
23452636,1,0,1,0,0,0,1,0,13.338809,210,195
23450868,1,0,1,0,1,0,0,0,12.164271,219,217
23452180,0,0,1,0,1,0,0,0,12.112252,222,208
23451933,0,0,0,0,1,0,0,0,12.468172,244,255
23450118,1,0,1,0,0,1,0,0,12.873374,251,251
23450837,1,0,1,0,1,0,0,0,12.219028,215,222
23451273,0,0,1,0,1,0,0,0,12.4846,212,236
23450567,1,0,0,0,0,0,1,0,12.87885,232,230
23451644,1,0,0,0,0,0,1,0,14.324435,217,217
23450461,0,0,0,0,0,1,0,0,13.557837,220,214
23452197,1,0,1,0,1,0,0,0,12.25462,208,229
23451814,1,0,0,1,0,0,1,0,11.945243,215,213
23450246,1,0,1,1,0,0,1,0,11.835729,200,230
23450311,1,0,1,1,0,0,1,0,13.040383,207,233
23451431,0,0,0,0,0,1,0,0,12.235455,236,234
23450143,0,0,0,0,0,0,0,1,12.709103,263,272
23451170,1,0,1,0,0,1,0,0,13.13347,223,233
23451469,0,NA,1,NA,0,1,0,0,11.950719,223,227
23452091,0,0,1,0,1,0,0,0,12.810404,194,203
23450611,1,0,1,1,0,0,1,0,12.70089,182,208
23451136,1,0,0,0,0,1,0,0,12.457221,218,229
23450021,1,0,0,0,0,1,0,0,12.99384,219,230
23450940,0,0,1,0,1,0,0,0,12.758385,224,231
23452245,0,0,0,0,1,0,0,0,12.125941,229,236
23452082,NA,0,1,0,NA,NA,NA,NA,NA,207,213
23451966,0,0,1,0,1,0,0,0,12.640657,213,225
23450336,1,1,0,0,0,1,0,0,12.563997,213,231
23452408,1,0,1,0,0,0,0,1,12.03833,174,185
23452414,1,0,1,0,0,0,1,0,11.931554,209,234
23451973,NA,0,1,0,NA,NA,NA,NA,NA,224,234
23450717,1,0,1,0,1,0,0,0,12.785763,220,209
23451291,1,0,1,0,1,0,0,0,12.145106,209,226
23451091,0,0,1,0,0,1,0,0,14.507871,205,209
23450808,0,0,1,0,1,0,0,0,12.539357,237,247
23450139,0,0,0,0,0,1,0,0,12.99384,267,270
23451263,0,0,1,0,0,0,0,1,12.268309,224,214
23450602,0,0,1,1,0,1,0,0,12.525667,226,236
23451374,0,0,1,0,0,0,1,0,12.213552,207,224
23452258,0,0,1,0,0,0,0,1,12.079398,240,246
23451560,0,0,1,1,0,0,1,0,12.07666,191,211
23451396,0,0,1,0,0,1,0,0,13.062286,227,231
23451842,1,0,0,0,0,1,0,0,12.591376,215,226
23450658,1,0,0,0,1,0,0,0,12.985626,223,227
23450683,1,0,0,0,0,1,0,0,12.517454,217,223
23450323,1,0,1,1,0,0,1,0,13.393566,211,222
23451388,0,0,1,1,0,0,1,0,11.893224,206,212
23451344,1,NA,0,NA,0,1,0,0,12.386037,226,233
23451004,1,0,1,0,1,0,0,0,12.235455,198,216
23450928,0,0,0,0,0,1,0,0,12.065708,219,221
23450553,1,1,0,0,0,1,0,0,12.468172,205,209
23450860,1,0,1,0,1,0,0,0,11.854894,205,226
23450241,0,0,1,1,0,0,1,0,12.068446,190,213
23452690,1,0,0,0,0,1,0,0,13.278576,217,223
23450838,0,0,0,1,0,0,1,0,12.950034,212,210
23450937,1,1,1,0,0,1,0,0,13.251198,213,232
23452509,0,0,0,0,0,1,0,0,12.651608,221,212
23452753,0,0,1,0,1,0,0,0,12.731006,231,213
23451483,0,0,1,1,0,0,1,0,12.309377,201,207
23450726,1,0,1,1,0,0,1,0,12.84052,209,220
23452402,0,0,1,0,0,0,1,0,12.013689,227,231
23450120,0,0,0,0,0,1,0,0,12.766598,249,253
23450755,0,0,1,0,1,0,0,0,12.095825,211,225
23451001,0,0,0,0,1,0,0,0,12.208077,211,238
23450074,1,0,1,0,0,0,1,0,12.350445,239,250
23451710,0,0,0,0,1,0,0,0,12.966461,208,214
23451795,1,0,1,0,1,0,0,0,14.3436,195,210
23451432,0,NA,0,0,0,0,1,0,12.427105,240,227
23450705,0,0,1,0,0,0,1,0,13.675565,193,211
23450915,0,0,1,0,1,0,0,0,12.969199,216,208
23450306,1,0,0,0,0,1,0,0,12.462697,238,234
23452536,0,0,1,1,0,0,1,0,12.375086,228,226
23452240,0,0,0,0,0,1,0,0,12.106776,235,241
23451356,1,1,1,1,0,0,1,0,13.344285,193,202
23450238,1,0,0,0,0,1,0,0,12.339493,220,226
23451084,1,0,1,0,0,1,0,0,13.746749,210,214
23451468,0,NA,1,0,0,0,1,0,11.865845,223,220
23451772,1,0,0,0,0,0,1,0,11.813826,204,203
23450545,0,0,1,0,1,0,0,0,12.435318,216,220
23450223,0,0,1,1,0,0,1,0,12.969199,212,225
23451846,1,0,1,1,0,0,1,0,11.728953,237,250
23452062,0,0,0,0,0,1,0,0,12.621492,232,233
23451234,0,0,1,0,1,0,0,0,11.958932,209,231
23452257,0,0,0,0,0,1,0,0,12.511978,241,236
23452236,0,0,1,0,0,1,0,0,12.438056,208,219
23451358,1,1,1,1,0,0,1,0,12.169747,217,202
23451314,1,0,1,0,1,0,0,0,13.316906,202,201
23451081,1,0,0,0,0,1,0,0,12.711841,234,228
23450092,1,0,1,1,0,0,1,0,13.79603,216,198
23450274,0,0,1,0,0,0,0,0,12.610541,203,214
23451152,0,0,1,0,1,0,0,0,11.934292,200,211
23450547,1,0,0,0,0,1,0,0,12.900753,222,233
23452269,0,0,1,0,0,0,1,0,12.36961,227,235
23452384,1,0,0,0,1,0,0,0,12.306639,236,232
23452169,1,0,1,0,1,0,0,0,12.750171,207,223
23451063,1,0,1,0,0,1,0,0,13.574264,232,230
23450317,1,0,1,1,0,0,1,0,12.388775,214,222
23452252,1,0,0,0,0,1,0,0,12.670773,239,238
23450515,0,0,1,0,0,1,0,0,11.994524,205,228
23451169,0,0,0,0,0,1,0,0,12.421629,213,243
23451033,1,1,0,0,0,1,0,0,12.481862,203,221
23451352,1,1,1,1,0,0,1,0,12.44627,197,222
23452712,0,0,1,0,1,0,0,0,13.166324,220,212
23450128,0,0,0,0,0,1,0,0,12.032854,232,245
23451989,1,0,0,0,0,1,0,0,12.785763,205,237
23450527,0,0,0,0,0,1,0,0,12.459959,224,239
23451586,1,0,0,1,0,0,1,0,12.005476,205,229
23451037,0,0,1,0,1,0,0,0,12.339493,206,197
23450046,1,0,0,0,0,1,0,0,12.087611,254,265
23450962,0,0,0,0,0,1,0,0,11.997262,213,240
23451017,1,0,0,0,1,0,0,0,11.978097,229,230
23452127,0,0,1,0,1,0,0,0,12.325804,215,212
23451522,1,NA,0,1,0,0,1,0,12.287474,205,200
23450488,1,0,1,0,0,0,1,0,13.514031,230,235
23452480,1,0,1,0,0,0,0,1,11.909651,203,214
23451676,1,0,1,0,0,1,0,0,12.235455,224,181
23450557,0,0,0,0,0,1,0,0,13.242984,219,225
23451981,0,0,0,0,1,0,0,0,12.008214,220,236
23452116,1,0,0,0,1,0,0,0,12.459959,207,222
23450931,1,0,1,0,1,0,0,0,12.982888,216,220
23450677,1,0,1,0,1,0,0,0,13.204654,196,218
23450228,1,0,0,0,0,1,0,0,12.731006,223,242
23451705,0,0,1,0,0,1,0,0,13.021218,204,216
23450985,0,0,1,0,1,0,0,0,12.728268,219,207
23450843,0,0,0,0,1,0,0,0,12.999316,213,229
23452317,0,0,1,0,0,0,1,0,12.793977,220,218
23451000,0,0,0,0,1,0,0,0,12.5859,204,212
23452548,0,0,1,0,0,1,0,0,12.854209,231,228
23450111,0,0,1,0,0,1,0,0,12.273785,211,234
23452579,0,0,1,0,0,1,0,0,12.999316,215,216
23451628,1,0,1,0,0,1,0,0,12.202601,210,218
23451570,1,1,1,0,0,1,0,0,13.166324,221,224
23450943,1,0,1,0,1,0,0,0,12.607803,215,227
23451201,1,1,0,0,0,1,0,0,12.695414,215,218
23450378,1,1,1,0,0,0,0,0,13.138946,216,219
23450552,0,0,0,0,0,1,0,0,12.859685,226,241
23451306,1,0,0,0,1,0,0,0,12.588638,219,216
23451105,1,0,0,0,1,0,0,0,12.17796,219,220
23451781,0,0,1,0,1,0,0,0,11.819302,225,225
23451579,0,NA,1,1,0,0,0,1,12.517454,205,228
23450010,1,0,0,0,0,1,0,0,12.33128,228,203
23452539,0,0,1,0,1,0,0,0,13.552361,205,222
23451290,0,0,1,0,1,0,0,0,13.034908,203,216
23451225,0,0,1,0,0,0,1,0,12.238193,213,214
23451028,0,0,0,0,1,0,0,0,12.574949,237,243
23450773,1,0,0,0,0,1,0,0,12.884326,204,208
23452601,0,0,1,0,1,0,0,0,12.284736,221,201
23450417,0,0,0,0,0,1,0,0,12.090349,226,230
23451031,1,0,1,0,0,1,0,0,12.914442,216,221
23451389,1,1,1,1,0,0,1,0,12.40794,232,224
23452305,1,0,1,0,1,0,0,0,12.689938,243,245
23450865,0,0,1,0,1,0,0,0,12.599589,229,227
23451487,0,NA,0,NA,0,1,0,0,12.640657,226,235
23451991,0,0,0,0,0,1,0,0,12.520192,207,230
23452397,0,0,1,0,0,0,1,0,12.651608,222,223
23450640,1,0,1,0,1,0,0,0,13.037645,201,223
23452291,0,0,1,1,0,0,1,0,12.268309,211,229
23450258,1,0,1,1,0,0,1,0,12.73922,215,209
23452745,1,0,0,0,0,1,0,0,13.295003,235,241
23450224,0,0,0,0,0,1,0,0,12.383299,232,232
23452115,0,0,1,0,1,0,0,0,12.268309,228,235
23452203,NA,0,0,0,NA,NA,NA,NA,NA,215,226
23451765,0,0,1,0,0,0,1,0,12.70089,202,216
23452015,0,0,1,0,1,0,0,0,14.255989,215,208
23450714,1,0,1,0,0,1,0,0,12.793977,231,227
23450750,0,0,1,0,1,0,0,0,11.685147,213,237
23452014,NA,NA,NA,NA,NA,NA,NA,NA,NA,222,220
23450230,1,0,1,0,0,0,1,0,12.309377,241,250
23452152,1,0,1,0,1,0,0,0,12.884326,211,214
23451144,0,0,0,0,1,0,0,0,12.161533,216,224
23450149,1,0,0,0,0,1,0,0,12.276523,248,248
23452166,1,0,1,0,1,0,0,0,13.36345,206,220
23450998,0,0,0,0,1,0,0,0,12.344969,214,226
23452149,0,0,1,0,1,0,0,0,12.380561,206,218
23452284,1,0,1,0,1,0,0,0,12.213552,223,224
23450802,1,0,1,0,1,0,0,0,12.093087,216,231
23452038,0,0,1,0,1,0,0,0,12.821355,209,213
23451725,0,0,0,0,0,0,0,0,12.599589,215,194
23450449,1,0,1,1,1,0,0,0,13.13347,218,207
23452322,1,0,1,0,0,0,1,0,12.706366,218,215
23450205,0,0,0,0,0,1,0,0,12.429843,223,227
23452513,0,0,0,0,0,1,0,0,12.939083,216,210
23451543,1,NA,1,1,0,0,1,0,13.839836,206,228
23451267,0,0,1,0,0,1,0,0,13.182752,192,220
23451530,1,0,1,0,0,0,1,0,12.229979,201,208
23450982,1,0,0,0,0,0,1,0,12.175222,212,205
23452748,1,0,0,0,1,0,0,0,12.049281,215,233
23450693,0,0,1,0,0,0,0,0,12.731006,227,238
23450878,0,0,1,0,1,0,0,0,12.678987,215,210
23451425,1,1,0,0,0,0,1,0,13.163587,196,213
23451351,1,0,1,1,0,0,1,0,12.665298,217,225
23450977,0,0,0,0,0,1,0,0,12.487337,210,210
23452220,0,0,1,0,1,0,0,0,12.566735,208,226
23452345,0,0,1,0,0,0,1,0,12.555784,200,218
23451241,1,0,1,0,1,0,0,0,12.306639,240,243
23452339,1,1,1,1,0,0,1,0,12.438056,199,205
23451147,0,0,0,0,0,0,0,0,12.881588,206,225
23451825,0,0,1,0,0,0,1,0,12.062971,212,227
23450700,0,0,1,0,1,0,0,0,12.900753,214,224
23451603,0,0,1,0,1,0,0,0,13.28679,213,221
23451554,1,0,0,1,1,0,0,0,11.449692,200,225
23450799,1,0,1,0,1,0,0,0,15.504449,207,217
23450483,0,0,0,0,0,1,0,0,12.824093,214,232
23451738,1,0,1,0,1,0,0,0,12.005476,212,203
23451309,0,1,1,0,1,0,0,0,11.704312,208,222
23452121,1,0,0,0,0,1,0,0,12.339493,246,239
23451137,0,0,0,0,0,1,0,0,12.50924,224,233
23451746,1,0,1,0,0,0,1,0,13.566051,217,199
23450550,0,0,1,0,0,0,1,0,13.130732,223,213
23450568,1,0,1,1,0,0,1,0,13.765914,220,216
23452103,0,0,1,0,1,0,0,0,12.755647,212,222
23451015,0,0,0,0,1,0,0,0,12.528405,214,202
23452649,0,0,1,0,1,0,0,0,11.780972,211,226
23450771,1,1,1,0,1,0,0,0,13.678303,186,203
23452471,1,0,0,0,0,1,0,0,12.925394,207,191
23452641,1,0,1,0,1,0,0,0,12.511978,190,220
23450656,1,0,1,0,1,0,0,0,13.511294,198,204
23450546,1,0,0,0,0,1,0,0,12.900753,230,220
23451260,0,0,1,0,0,1,0,0,11.693361,213,229
23451986,0,0,0,0,1,0,0,0,12.657084,211,234
23452086,0,0,1,0,1,0,0,0,13.03217,225,218
23451691,0,0,1,1,0,0,1,0,12.720055,223,224
23450894,1,0,1,1,0,0,1,0,12.342231,222,225
23452289,0,0,1,0,0,0,1,0,12.084873,232,235
23450045,1,1,0,0,0,1,0,0,12.70089,243,249
23452022,NA,0,1,0,NA,NA,NA,NA,NA,214,216
23452474,0,1,1,0,0,1,0,0,13.232033,191,197
23451096,0,0,0,0,0,1,0,0,12.13963,230,243
23452684,0,0,0,0,0,1,0,0,11.931554,209,225
23450457,0,0,0,0,0,0,0,0,12.257358,228,228
23452517,0,0,1,0,0,0,0,1,12.276523,225,239
23452118,1,0,1,0,1,0,0,0,12.566735,212,225
23452351,0,0,1,0,0,0,1,0,12.462697,201,190
23451827,1,0,1,1,0,0,1,0,13.563313,196,201
23451893,1,0,1,0,0,0,1,0,12.312115,229,237
23450484,1,0,0,0,0,0,0,0,13.190965,200,224
23450343,0,0,0,0,0,0,1,0,13.09514,215,219
23451637,1,0,1,1,0,0,1,0,12.084873,195,210
23451058,1,0,0,0,0,1,0,0,13.037645,214,245
23451205,0,0,1,0,1,0,0,0,12.046543,211,206
23450084,1,0,1,0,1,0,0,0,12.810404,211,204
23451094,1,0,0,0,0,1,0,0,12.966461,237,229
23452605,1,0,0,0,0,1,0,0,13.251198,225,237
23451685,1,0,1,1,0,0,1,0,12.637919,203,222
23452002,0,0,0,0,0,1,0,0,12.594114,226,221
23452735,1,0,1,0,0,0,1,0,12.010951,201,217
23451519,1,0,1,1,0,0,1,0,12.219028,206,212
23450623,1,1,0,0,0,1,0,0,12.821355,225,228
23451985,1,0,0,0,0,1,0,0,12.232717,205,236
23451322,0,0,1,1,0,0,1,0,12.424367,214,225
23450455,1,0,0,0,0,1,0,0,12.021903,236,226
23451963,1,0,0,0,0,1,0,0,12.13963,235,239
23450953,0,0,0,0,0,1,0,0,12.071184,218,241
23451661,0,0,1,0,0,0,1,0,12.750171,218,219
23451773,0,0,0,0,1,0,0,0,11.813826,210,213
23451680,0,1,1,0,0,1,0,0,13.549624,198,219
23451300,0,1,1,0,1,0,0,0,12.202601,188,201
23450702,1,0,1,0,1,0,0,0,13.549624,199,227
23452276,1,0,1,1,0,0,1,0,12.673511,213,225
23452700,0,0,1,0,1,0,0,0,13.880903,195,209
23450386,0,0,0,0,0,1,0,0,12.481862,212,212
23451009,0,0,0,0,1,0,0,0,12.134155,221,218
23451445,1,0,1,0,1,0,0,0,12.002738,200,226
23452301,0,0,0,0,0,1,0,0,12.854209,223,221
23451504,0,NA,0,NA,0,0,1,0,12.262834,212,236
23451251,0,0,1,0,1,0,0,0,12.169747,225,216
23451029,1,0,0,0,1,0,0,0,12.47091,213,226
23452362,0,0,1,0,0,0,1,0,13.021218,203,227
23451301,1,0,1,0,0,1,0,0,11.84668,224,226
23450068,0,0,1,1,0,0,0,1,12.057495,207,228
23451027,0,0,0,0,0,1,0,0,12.528405,224,232
23450844,0,0,1,0,1,0,0,0,12.944559,208,221
23452144,0,0,1,0,1,0,0,0,11.978097,213,227
23450888,0,0,1,0,0,0,1,0,12.865161,220,229
23451250,0,0,1,0,1,0,0,0,12.320329,207,224
23452028,NA,0,1,0,NA,NA,NA,NA,NA,207,211
23452420,0,0,0,0,0,1,0,0,12.062971,206,221
23450465,0,0,0,0,0,1,0,0,12.057495,207,211
23451533,0,0,1,1,0,0,1,0,12.887064,215,213
23451673,0,0,1,0,0,0,1,0,12.867899,194,221
23450170,0,1,0,0,1,0,0,0,12.818617,214,213
23450240,0,0,0,1,0,0,1,0,12.621492,206,222
23451667,1,0,0,0,0,1,0,0,13.481177,197,213
23452360,0,0,1,0,0,0,1,0,12.670773,211,241
23450856,1,0,1,0,1,0,0,0,13.57974,212,239
23451604,1,0,1,1,0,0,1,0,12.15332,217,217
23450171,0,1,1,0,1,0,0,0,12.4846,218,217
23450181,0,0,0,0,0,1,0,0,12.637919,225,235
23450703,0,0,1,0,1,0,0,0,12.366872,222,225
23450011,0,0,1,1,0,0,1,0,12.19165,181,185
23451156,0,0,0,0,1,0,0,0,12.03833,202,211
23451064,1,0,1,0,1,0,0,0,13.229295,206,222
23452516,1,0,1,0,0,1,0,0,12.635181,232,228
23450367,0,0,1,0,0,0,1,0,12.774812,214,221
23450961,0,0,1,0,0,0,1,0,13.155373,216,230
23451376,0,0,0,0,0,1,0,0,12.985626,206,217
23451734,0,0,0,0,0,0,1,0,12.563997,200,217
23452334,0,0,1,0,0,0,1,0,12.881588,214,220
23451954,0,0,0,0,0,1,0,0,12.098563,217,229
23450184,1,1,0,0,0,1,0,0,12.996578,226,236
23450798,0,0,1,0,1,0,0,0,13.357974,199,207
23452207,1,1,0,0,1,0,0,0,12.881588,199,222
23451778,1,1,0,0,1,0,0,0,14.568104,199,213
23450040,0,0,1,0,0,1,0,0,12.939083,233,236
23450421,1,0,0,0,0,1,0,0,12.569473,209,240
23450359,0,0,0,0,0,1,0,0,13.114305,209,230
23452757,1,0,0,0,0,0,0,0,12.752909,227,215
23450157,0,0,1,0,1,0,0,0,11.972621,209,220
23450615,0,0,1,0,1,0,0,0,12.172485,219,219
23451330,1,NA,1,1,0,0,1,0,14.056126,208,225
23451853,0,0,1,1,0,0,1,0,11.830253,212,209
23452612,1,0,1,0,0,1,0,0,12.325804,229,231
23451150,0,0,0,0,1,0,0,0,11.726215,210,207
23451484,0,0,1,1,0,0,1,0,12.355921,215,220
23452418,1,0,1,0,1,0,0,0,12.421629,217,220
23450382,0,1,0,0,0,1,0,0,12.440794,196,204
23452385,1,0,1,0,0,0,1,0,12.142368,240,239
23452214,1,0,1,0,0,1,0,0,12.449008,210,219
23451584,1,0,1,0,0,0,1,0,13.125257,238,245
23450997,1,0,0,0,0,1,0,0,13.420945,204,218
23450198,1,0,0,1,0,0,0,1,12.194387,215,206
23452606,1,0,1,0,0,1,0,0,12.120465,217,212
23451472,1,0,1,1,0,0,1,0,12.876112,209,238
23451495,0,0,1,0,0,0,1,0,12.618754,200,213
23450797,1,0,0,0,1,0,0,0,13.486653,212,231
23452343,1,0,1,0,0,0,1,0,12.117728,208,205
23450745,0,0,1,0,1,0,0,0,12.914442,205,225
23452584,0,0,1,0,1,0,0,0,12.40794,221,214
23452436,1,0,1,1,0,0,1,0,12.47091,201,224
23450981,0,0,0,0,1,0,0,0,13.765914,220,217
23451502,0,NA,1,0,0,0,1,0,12.648871,227,223
23451061,1,0,0,0,0,0,1,0,13.782341,222,225
23450342,0,1,1,1,0,0,1,0,13.297741,229,219
23452476,1,0,0,0,0,1,0,0,12.761123,220,212
23450882,0,0,1,0,1,0,0,0,12.558522,234,240
23451699,1,0,1,0,0,1,0,0,13.034908,231,221
23451759,1,1,0,0,0,1,0,0,13.100616,221,224
23452058,0,0,0,0,0,1,0,0,12.744695,213,223
23451774,1,0,1,0,0,0,1,0,14.269678,223,210
23450584,1,0,0,0,1,0,0,0,12.668036,225,192
23451232,1,0,1,0,1,0,0,0,12.199863,220,225
23451558,1,1,1,1,0,0,1,0,12.731006,200,213
23450212,1,1,1,0,1,0,0,0,12.156057,199,211
23451382,0,NA,1,NA,1,0,0,0,12.752909,205,223
23452667,0,0,1,0,1,0,0,0,12.438056,222,219
23451274,1,0,1,0,0,0,0,0,13.686516,208,220
23452230,1,0,1,0,1,0,0,0,12.865161,204,202
23450048,0,0,0,0,0,1,0,0,12.503765,214,232
23450443,1,0,1,0,0,0,0,0,12.350445,221,222
23451257,1,0,1,0,0,0,1,0,11.791923,220,219
23452355,0,0,0,0,1,0,0,0,12.813142,206,231
23451672,1,1,0,0,0,0,1,0,13.431896,218,211
23450898,0,0,0,0,1,0,0,0,12.988364,206,227
23450848,1,1,0,0,0,1,0,0,13.05681,206,226
23450638,1,0,1,0,1,0,0,0,14.576318,213,223
23451016,0,0,1,0,1,0,0,0,12.325804,194,214
23450632,0,0,1,1,1,0,0,0,13.054073,217,216
23450182,1,1,0,0,1,0,0,0,12.229979,195,224
23451726,1,1,1,0,0,0,1,0,14.245038,213,222
23452037,1,0,1,0,1,0,0,0,12.120465,191,195
23452451,1,1,0,0,0,1,0,0,13.475702,229,227
23451065,0,0,1,0,0,1,0,0,12.005476,214,234
23451208,1,0,1,1,1,0,0,0,13.355236,216,217
23450952,0,0,0,0,0,1,0,0,12.73922,203,216
23452108,1,0,0,0,0,1,0,0,13.568789,227,209
23452369,0,0,1,1,0,0,1,0,12.908966,219,198
23451869,1,0,1,0,1,0,0,0,13.201916,223,226
23452696,0,0,1,0,0,0,0,0,12.334018,220,218
23452680,0,0,0,0,0,1,0,0,12.498289,230,229
23452005,0,0,0,0,0,1,0,0,12.353183,219,233
23452228,1,0,1,0,1,0,0,0,13.40178,192,201
23451467,0,0,1,1,0,0,1,0,12.295688,226,229
23450459,0,0,0,0,1,0,0,0,12.867899,217,228
23450310,1,0,0,0,0,1,0,0,12.930869,201,215
23451409,0,NA,0,NA,0,1,0,0,12.673511,222,221
23451690,1,0,1,1,0,0,1,0,12.049281,201,209
23452444,1,0,1,0,0,1,0,0,12.851472,214,246
23452683,1,0,0,0,0,1,0,0,12.394251,210,217
23450109,1,0,1,1,0,0,1,0,11.800137,221,224
23452292,0,0,1,0,1,0,0,0,12.40794,224,237
23450329,1,0,0,0,0,1,0,0,12.33128,236,244
23450432,0,0,0,0,0,1,0,0,12.43258,222,237
23450292,1,0,0,0,0,1,0,0,13.850787,234,228
23452229,NA,0,1,0,NA,NA,NA,NA,NA,208,220
23450096,0,0,0,0,0,1,0,0,12.394251,226,209
23450729,1,0,1,0,1,0,0,0,12.566735,239,229
23450884,1,0,1,0,0,1,0,0,12.410678,227,231
23450452,0,0,0,0,0,1,0,0,12.1013,239,239
23450439,0,0,1,0,0,1,0,0,12.996578,208,233
23451717,1,0,1,0,1,0,0,0,12.344969,212,222
23452652,0,0,1,0,1,0,0,0,12.098563,203,208
23450250,0,0,1,0,0,1,0,0,12.569473,212,220
23451657,0,0,1,0,0,0,1,0,12.892539,204,210
23451214,0,0,1,0,1,0,0,0,12.049281,221,229
23452302,1,0,1,0,0,0,1,0,12.136893,215,231
23451311,1,0,1,0,1,0,0,0,12.240931,231,232
23451956,0,0,0,0,1,0,0,0,12.1013,197,222
23451573,0,0,1,0,1,0,0,0,12.208077,182,187
23451722,0,0,0,0,0,0,1,0,12.005476,211,212
23450203,0,0,1,1,0,0,1,0,12.109514,207,226
